ply
format ascii 1.0
comment Colored indoor fragment (subsampled)
comment Source: Open3D DemoColoredICPPointClouds / frag_115.ply
comment https://github.com/isl-org/open3d_downloads/releases/tag/20220201-data
element vertex 8046
property float x
property float y
property float z
property uchar red
property uchar green
property uchar blue
end_header
0.847656 2.679498 1.597656 120 115 114
0.839844 2.699219 1.608872 121 113 126
0.847656 2.660156 1.584554 121 115 114
0.850781 2.683594 1.597656 123 116 116
0.858514 2.621094 1.574219 123 117 116
0.857150 2.644531 1.582031 121 116 117
0.863281 2.668463 1.582031 122 117 117
0.871094 2.550360 1.550781 124 120 124
0.871094 2.582031 1.561132 123 119 121
0.871094 2.605469 1.564052 123 119 117
0.871094 2.628906 1.571427 122 117 117
0.871094 2.662030 1.574219 120 116 116
0.865523 2.691406 1.589844 122 118 121
0.874146 2.558594 1.550781 123 119 122
0.871094 2.574219 1.557572 123 119 121
0.872398 2.613281 1.566406 122 117 119
0.878906 2.644531 1.569164 123 118 119
0.877009 2.683594 1.574219 123 115 124
0.878906 2.785156 1.591184 121 117 114
0.876053 2.808594 1.597656 117 112 113
0.886719 2.488281 1.521813 126 122 122
0.886719 2.519531 1.530254 125 120 123
0.886719 2.542969 1.538246 124 119 123
0.880778 2.574219 1.550781 124 119 121
0.886719 2.597656 1.552571 124 119 122
0.882000 2.636719 1.566406 123 118 119
0.884123 2.667969 1.566406 123 117 123
0.886030 2.746094 1.574219 123 117 116
0.878906 2.761719 1.581835 123 116 111
0.886719 2.777409 1.582031 121 115 116
0.888145 2.347656 1.496094 129 124 124
0.894531 2.410156 1.504170 127 121 128
0.886750 2.433594 1.511719 128 122 128
0.886719 2.449219 1.513404 126 121 123
0.894531 2.478172 1.519531 126 120 126
0.894531 2.511719 1.524382 125 121 123
0.894531 2.543384 1.535156 125 121 120
0.894531 2.582031 1.544394 124 119 121
0.887450 2.621094 1.558594 124 119 122
0.891759 2.652344 1.558594 124 118 120
0.893763 2.683594 1.558594 124 119 123
0.888288 2.738281 1.574219 122 117 116
0.894531 2.769531 1.577538 122 116 119
0.894531 2.808594 1.583001 118 111 127
0.902344 2.329129 1.480469 131 124 132
0.902344 2.371536 1.488281 129 124 125
0.902344 2.394531 1.496690 130 123 129
0.898772 2.425781 1.503906 127 122 125
0.902344 2.457031 1.508884 128 123 126
0.898367 2.496094 1.519531 125 121 123
0.902344 2.527344 1.527699 126 121 124
0.902344 2.574219 1.537091 125 120 124
0.902344 2.605469 1.542964 125 120 121
0.900104 2.636719 1.550781 125 119 120
0.902344 2.667969 1.551349 124 119 120
0.902344 2.703725 1.558594 124 118 120
0.894531 2.730469 1.565642 123 118 116
0.902344 2.761719 1.572672 122 118 119
0.895174 2.792969 1.582031 120 113 116
0.902344 2.216151 1.464844 136 129 130
0.902344 2.246094 1.469878 132 125 136
0.902344 2.277344 1.472039 133 127 129
0.902344 2.300781 1.473562 132 125 127
0.910156 2.332031 1.478723 130 123 130
0.910156 2.355469 1.481939 131 125 129
0.910156 2.386719 1.490288 131 125 128
0.910156 2.417969 1.494145 129 125 124
0.910156 2.449219 1.502908 128 122 124
0.910156 2.480469 1.510108 126 121 125
0.910156 2.516252 1.519531 125 120 123
0.910156 2.547654 1.527344 125 121 125
0.907396 2.582031 1.535156 124 120 123
0.910156 2.613281 1.539346 126 121 119
0.910156 2.644531 1.543735 125 119 121
0.910156 2.683594 1.552467 123 118 118
0.908101 2.722656 1.558594 123 118 119
0.910156 2.753906 1.565676 122 117 114
0.910156 2.779985 1.566406 121 116 119
0.910156 2.060440 1.441406 137 130 135
0.917969 2.095802 1.441406 136 128 135
0.911217 2.152344 1.449219 135 128 134
0.910156 2.175781 1.455172 135 128 132
0.917969 2.199219 1.457314 135 128 132
0.912993 2.230469 1.464844 133 126 130
0.917969 2.261719 1.465914 133 126 132
0.917969 2.308594 1.473094 133 127 130
0.917969 2.355681 1.480469 131 124 130
0.917969 2.394531 1.486448 129 123 124
0.917969 2.433594 1.494579 129 122 130
0.917969 2.464844 1.501486 128 122 124
0.917969 2.496094 1.510086 127 122 123
0.917969 2.527344 1.517840 125 121 123
0.916959 2.566406 1.527344 125 121 122
0.917969 2.597656 1.530894 125 121 122
0.917969 2.628906 1.535439 125 120 122
0.917969 2.667969 1.545646 124 119 120
0.917969 2.699219 1.550383 124 119 120
0.917969 2.738281 1.555762 123 119 120
0.916998 2.769531 1.558594 125 120 123
0.917969 2.795628 1.566406 125 119 129
0.922319 2.003906 1.425781 138 130 138
0.917969 2.027344 1.431392 138 131 134
0.925781 2.050781 1.432700 137 129 136
0.925781 2.074219 1.434662 137 130 136
0.921305 2.105469 1.441406 136 128 135
0.917969 2.121094 1.444801 136 128 137
0.922550 2.152344 1.449219 135 128 134
0.925781 2.191406 1.454948 135 127 135
0.925781 2.222656 1.457601 135 128 132
0.925781 2.268415 1.464844 133 126 135
0.925781 2.315753 1.472656 133 126 134
0.925781 2.363281 1.479743 130 124 129
0.925781 2.410156 1.486146 129 124 127
0.925781 2.449219 1.494710 128 122 127
0.920877 2.488281 1.503906 126 121 125
0.925781 2.511719 1.507677 127 122 126
0.925781 2.542969 1.516718 126 122 123
0.925781 2.582031 1.523706 125 121 121
0.925781 2.613281 1.527193 126 121 122
0.925781 2.644531 1.534793 125 119 122
0.925781 2.675781 1.541868 125 120 121
0.925781 2.714844 1.547921 123 118 118
0.920790 2.753906 1.558594 123 118 120
0.925781 2.785156 1.556096 123 121 117
0.925781 1.079725 1.332031 109 107 118
0.933594 1.100421 1.332031 113 111 116
0.925781 1.724354 1.386719 135 128 140
0.928519 1.808594 1.394531 136 128 138
0.925781 1.832031 1.397944 137 130 136
0.925781 1.894531 1.405272 137 128 137
0.925781 1.925781 1.409785 137 130 132
0.925781 1.949219 1.410510 137 130 135
0.933594 1.980469 1.414855 139 131 139
0.925781 1.996094 1.421996 137 130 136
0.933594 2.019531 1.420547 137 131 137
0.933594 2.050781 1.427401 138 130 136
0.932634 2.089844 1.433594 136 128 136
0.933594 2.128906 1.439763 136 128 136
0.929716 2.167969 1.449219 135 127 135
0.933594 2.214844 1.453857 136 128 134
0.933594 2.246094 1.456498 134 128 133
0.928986 2.285156 1.464844 133 127 131
0.929656 2.324219 1.472656 133 127 131
0.927340 2.371094 1.480469 131 125 129
0.933594 2.402344 1.481595 130 124 126
0.933594 2.441406 1.489400 129 123 129
0.933594 2.480469 1.495178 128 122 126
0.928404 2.527344 1.511719 126 121 125
0.926156 2.558594 1.519531 126 121 123
0.933594 2.589844 1.521507 126 121 125
0.933594 2.631226 1.527344 125 120 122
0.933594 2.667969 1.534318 125 121 121
0.933594 2.699219 1.541162 124 120 118
0.930974 2.738281 1.550781 123 119 121
0.933594 2.769531 1.549772 120 116 116
0.933594 1.082031 1.330951 113 109 124
0.941406 1.113281 1.327439 114 112 122
0.941406 1.136719 1.327720 115 112 124
0.933594 1.159036 1.332031 116 113 126
0.933594 1.593763 1.363281 131 126 133
0.933594 1.636719 1.372185 132 126 135
0.941406 1.667969 1.374608 134 128 139
0.941406 1.699219 1.377393 135 128 139
0.941406 1.722656 1.379299 135 129 136
0.936667 1.753906 1.386719 136 129 140
0.941406 1.769531 1.386712 137 129 141
0.941406 1.792969 1.388920 136 130 139
0.935657 1.824219 1.394531 137 130 140
0.941406 1.847656 1.393378 138 130 139
0.933594 1.871094 1.400083 138 130 139
0.941406 1.902344 1.402097 138 131 138
0.941406 1.941406 1.406612 139 130 140
0.941406 1.972656 1.412095 138 131 137
0.941406 2.019531 1.417312 139 131 139
0.941406 2.058318 1.425781 139 131 136
0.937363 2.105469 1.433594 137 129 136
0.941406 2.136719 1.437646 137 129 132
0.941406 2.167969 1.443946 136 128 133
0.941406 2.199219 1.447065 135 128 131
0.941406 2.238281 1.452189 134 127 134
0.941406 2.277344 1.458486 133 127 132
0.941406 2.311388 1.464844 134 126 131
0.941406 2.347656 1.468034 131 124 132
0.941406 2.386719 1.475544 131 124 130
0.941406 2.417969 1.482490 129 123 128
0.941406 2.457031 1.487392 128 122 129
0.941406 2.496094 1.495880 129 123 128
0.941406 2.527344 1.503350 127 122 127
0.941406 2.566406 1.514790 126 121 124
0.938430 2.605469 1.519531 126 122 123
0.941406 2.636719 1.522713 125 120 122
0.941406 2.667969 1.529975 126 121 126
0.941406 2.699219 1.536136 124 119 124
0.941406 2.738281 1.544545 124 120 120
0.941406 2.773694 1.542969 124 120 124
0.941406 2.792969 1.547371 122 119 116
0.942309 1.066406 1.324219 114 111 120
0.945034 1.089844 1.324219 115 112 123
0.944918 1.121094 1.324219 115 112 122
0.945633 1.152344 1.324219 115 112 125
0.944406 1.183594 1.324219 116 113 123
0.941406 1.199219 1.326868 117 114 123
0.949219 1.222656 1.321510 117 113 127
0.941406 1.246094 1.329405 118 114 126
0.941406 1.277344 1.327194 119 115 127
0.949219 1.293269 1.324219 120 117 128
0.942077 1.363281 1.332031 123 119 130
0.949219 1.386719 1.333501 124 120 135
0.941406 1.425781 1.341487 125 122 131
0.949219 1.457031 1.341978 127 123 134
0.949219 1.488281 1.344057 128 123 131
0.941406 1.519531 1.350651 128 124 134
0.949219 1.542969 1.349121 129 125 134
0.945107 1.566406 1.355469 131 126 135
0.941406 1.582031 1.359027 131 125 137
0.941406 1.612305 1.363281 132 126 138
0.941406 1.628906 1.367601 133 127 134
0.945399 1.660156 1.371094 134 127 138
0.949219 1.699219 1.372864 135 129 136
0.949219 1.730469 1.377991 135 129 139
0.945246 1.785156 1.386719 137 130 139
0.949219 1.812676 1.386719 138 131 138
0.946366 1.863281 1.394531 138 131 138
0.949219 1.902344 1.398606 139 131 140
0.949219 1.957031 1.404991 139 131 137
0.949219 1.988281 1.411198 140 132 141
0.949219 2.042969 1.418282 139 130 137
0.949219 2.080547 1.425781 138 130 138
0.949219 2.128906 1.431967 137 129 135
0.946644 2.175781 1.441406 136 128 134
0.949219 2.207031 1.443373 136 128 136
0.948334 2.246094 1.449219 135 127 136
0.949219 2.277344 1.454664 133 126 130
0.943019 2.316406 1.464844 132 126 130
0.947961 2.347656 1.464844 132 124 132
0.949219 2.378906 1.469987 131 125 128
0.946765 2.425781 1.480469 130 124 128
0.949219 2.464649 1.488281 129 123 128
0.949219 2.504030 1.496094 127 122 125
0.942618 2.558594 1.511719 126 120 125
0.949219 2.588756 1.511719 126 121 125
0.949219 2.628906 1.517393 126 120 124
0.949219 2.667969 1.525607 125 121 127
0.942746 2.699219 1.535156 124 119 123
0.949219 2.723972 1.535156 125 121 120
0.942378 2.761719 1.542969 124 118 123
0.955147 1.011719 1.308594 114 109 117
0.957031 1.035156 1.309637 114 109 128
0.952023 1.066406 1.316406 115 112 123
0.955641 1.097656 1.316406 115 112 123
0.955851 1.128906 1.316406 115 113 123
0.956889 1.160156 1.316406 116 113 126
0.955378 1.191406 1.316406 117 113 127
0.957031 1.238281 1.319019 119 115 127
0.957031 1.269531 1.317324 120 116 129
0.957031 1.300781 1.320651 121 116 130
0.957031 1.324219 1.321963 122 117 131
0.957031 1.344214 1.324219 123 118 133
0.949219 1.371094 1.331505 124 120 134
0.957031 1.402344 1.330630 126 121 134
0.957031 1.425781 1.332228 127 122 136
0.953198 1.457031 1.339844 127 123 134
0.957031 1.488281 1.340065 128 124 132
0.949219 1.511719 1.344357 128 124 134
0.957031 1.542969 1.344121 131 125 135
0.957031 1.574219 1.348424 131 126 132
0.957031 1.605469 1.353175 132 126 135
0.953981 1.644531 1.363281 134 127 139
0.949610 1.683594 1.371094 135 129 138
0.957031 1.714844 1.372650 136 129 137
0.957031 1.753906 1.375932 137 131 140
0.957031 1.785156 1.379531 137 131 141
0.954049 1.832031 1.386719 138 130 140
0.957031 1.871094 1.391724 138 130 139
0.957031 1.902344 1.396122 139 131 140
0.957031 1.941406 1.400460 140 131 139
0.951219 1.988281 1.410156 140 132 141
0.957031 2.027344 1.414581 140 131 138
0.957031 2.066406 1.420684 139 130 137
0.954306 2.105469 1.425781 138 129 135
0.949938 2.136719 1.433594 136 128 134
0.957031 2.164613 1.433594 136 128 134
0.957031 2.207031 1.438985 136 127 134
0.957031 2.246094 1.445224 134 126 133
0.957031 2.277344 1.449419 134 127 132
0.957031 2.316406 1.455454 132 126 132
0.951465 2.355469 1.464844 132 126 131
0.957031 2.386719 1.469899 131 124 128
0.957031 2.433594 1.479267 129 123 126
0.957031 2.472656 1.487748 128 122 126
0.957031 2.518051 1.496094 128 122 125
0.957031 2.550781 1.500628 127 122 124
0.957031 2.582031 1.505707 126 122 124
0.957031 2.613281 1.508675 126 121 124
0.950044 2.652344 1.519531 125 120 122
0.957031 2.683594 1.522598 126 121 121
0.957031 2.714844 1.527225 125 121 122
0.957031 2.746094 1.531999 123 120 121
0.949243 2.785156 1.542969 124 120 117
0.957031 0.980469 1.304981 111 106 119
0.964844 1.011719 1.301710 113 110 118
0.957764 1.042969 1.308594 114 111 123
0.961515 1.074219 1.308594 114 111 124
0.964681 1.105469 1.308594 116 113 124
0.964333 1.136719 1.308594 116 113 126
0.964844 1.183594 1.309630 118 114 126
0.958114 1.222656 1.316406 118 114 127
0.959410 1.253906 1.316406 120 115 129
0.962797 1.285156 1.316406 122 117 130
0.964844 1.324219 1.318467 123 119 132
0.964844 1.363281 1.321947 124 120 130
0.964844 1.410156 1.326886 127 122 133
0.963639 1.449219 1.332031 128 124 131
0.957364 1.488281 1.339844 128 124 132
0.964844 1.519531 1.336828 130 125 135
0.964844 1.550781 1.340632 131 126 136
0.964844 1.589844 1.347201 133 126 138
0.964844 1.628906 1.353093 134 127 139
0.964844 1.660156 1.359946 135 128 138
0.957789 1.707031 1.371094 136 130 137
0.961260 1.738281 1.371094 136 130 138
0.964844 1.769531 1.372364 136 130 139
0.960230 1.808594 1.378906 138 130 139
0.957229 1.847656 1.386719 138 131 138
0.964844 1.878906 1.388795 139 131 139
0.964844 1.925781 1.397104 141 132 138
0.963139 1.972656 1.402344 141 132 137
0.964844 2.009772 1.410156 140 131 138
0.961287 2.058594 1.417969 139 131 137
0.964844 2.088573 1.417969 137 129 137
0.964844 2.136498 1.425781 137 129 133
0.964844 2.175781 1.432042 136 128 135
0.964844 2.222656 1.437152 136 128 133
0.964844 2.261719 1.443881 135 127 133
0.964844 2.300721 1.449219 133 125 133
0.964844 2.342457 1.457031 132 125 131
0.964844 2.386719 1.466793 130 124 128
0.964844 2.425781 1.475828 130 124 128
0.964844 2.464844 1.482788 129 123 125
0.963779 2.503906 1.488281 128 123 125
0.961175 2.535156 1.496094 127 122 124
0.964844 2.566406 1.497486 127 122 124
0.962611 2.605469 1.503906 126 121 124
0.964844 2.636719 1.509929 126 122 127
0.960649 2.675781 1.519531 126 121 124
0.964844 2.705611 1.519531 124 120 120
0.964844 2.738281 1.524606 124 120 120
0.963084 2.769531 1.527344 122 119 120
0.972656 0.942766 1.292969 111 109 117
0.972656 0.964844 1.293707 112 109 117
0.972656 0.988281 1.295120 113 109 123
0.966870 1.019531 1.300781 114 111 119
0.966706 1.050781 1.300781 114 110 124
0.971391 1.082031 1.300781 116 113 121
0.972656 1.113281 1.300944 116 113 124
0.966417 1.144531 1.308594 116 112 127
0.967544 1.175781 1.308594 117 114 124
0.970024 1.207031 1.308594 119 115 128
0.971865 1.238281 1.308594 120 116 127
0.972656 1.285156 1.312569 122 118 131
0.968547 1.324219 1.316406 123 119 132
0.972656 1.363281 1.318624 125 120 132
0.970567 1.402344 1.324219 127 122 133
0.972656 1.441406 1.326698 129 124 133
0.969361 1.480469 1.332031 129 124 134
0.972656 1.506870 1.332031 130 125 135
0.970506 1.558594 1.339844 131 126 136
0.972656 1.597656 1.344527 133 127 139
0.972656 1.636719 1.350858 134 128 136
0.972656 1.667969 1.356270 136 129 139
0.972656 1.699219 1.359162 136 129 142
0.972656 1.730469 1.362586 137 131 139
0.972656 1.769531 1.367062 137 131 137
0.972656 1.800781 1.369644 139 131 140
0.972656 1.832031 1.375919 138 130 140
0.966596 1.871094 1.386719 139 130 141
0.966338 1.910156 1.394531 140 131 139
0.972656 1.937014 1.394531 141 132 139
0.971296 1.988281 1.402344 140 131 138
0.972656 2.019531 1.407158 140 131 138
0.972656 2.058594 1.412004 140 131 135
0.970086 2.105469 1.417969 137 129 133
0.968182 2.144531 1.425781 137 129 135
0.972656 2.183594 1.428617 136 128 134
0.972656 2.214844 1.432740 135 127 132
0.972656 2.253906 1.439901 135 127 133
0.964884 2.300781 1.449219 133 125 133
0.972656 2.339844 1.453740 132 125 129
0.965827 2.378906 1.464844 130 124 129
0.972656 2.410156 1.468162 130 124 127
0.972656 2.449219 1.475413 129 123 127
0.972656 2.480469 1.479700 128 123 126
0.972656 2.519531 1.485510 128 123 126
0.972656 2.558594 1.492205 127 122 125
0.972656 2.589844 1.496108 127 121 124
0.972656 2.628906 1.502466 126 122 124
0.970385 2.667969 1.511719 126 121 124
0.965425 2.707031 1.519531 124 120 120
0.972656 2.733572 1.519531 124 120 122
0.972656 2.761719 1.519665 122 119 119
0.973621 0.941406 1.292969 111 109 117
0.980469 0.964844 1.290791 114 111 119
0.980469 0.996094 1.289789 115 112 118
0.980469 1.027344 1.292221 115 112 120
0.980469 1.058594 1.292231 115 110 123
0.979244 1.097656 1.292969 117 113 124
0.980469 1.128906 1.296495 117 113 127
0.980469 1.160156 1.300032 118 114 126
0.980469 1.191406 1.300837 118 114 127
0.980469 1.246094 1.305520 120 117 127
0.980469 1.277344 1.308034 122 118 126
0.980469 1.308594 1.309359 124 119 134
0.975513 1.355469 1.316406 125 120 133
0.980469 1.386719 1.317613 126 122 133
0.975667 1.433594 1.324219 128 123 135
0.980469 1.458596 1.324219 129 124 136
0.980469 1.511719 1.330858 130 125 135
0.980469 1.558594 1.335487 132 126 140
0.980469 1.589844 1.341520 133 127 138
0.980419 1.636719 1.347656 134 128 136
0.977198 1.675781 1.355469 137 129 141
0.979420 1.707031 1.355469 136 129 140
0.980469 1.738281 1.358524 137 130 138
0.980469 1.769531 1.363375 138 130 137
0.977650 1.824219 1.371094 139 132 137
0.980469 1.855469 1.375668 139 131 139
0.976111 1.894531 1.386719 140 132 139
0.980469 1.918936 1.386719 141 131 138
0.980469 1.957031 1.393464 141 132 140
0.980469 1.996094 1.400847 141 132 138
0.972808 2.042969 1.410156 140 131 136
0.980469 2.069989 1.410156 139 130 136
0.979804 2.121094 1.417969 138 130 134
0.974289 2.160156 1.425781 136 128 134
0.980469 2.199219 1.429133 136 128 133
0.980469 2.238281 1.434622 135 127 132
0.980469 2.283690 1.441406 134 127 130
0.980469 2.324219 1.447595 133 127 129
0.980469 2.363281 1.454533 131 125 129
0.976930 2.402344 1.464844 130 124 126
0.975121 2.441406 1.472656 129 124 126
0.980469 2.472656 1.474120 129 124 126
0.978891 2.511719 1.480469 128 123 124
0.980469 2.542969 1.485055 128 123 125
0.980469 2.582031 1.491548 128 123 124
0.980469 2.613281 1.494384 127 122 123
0.980469 2.644531 1.499753 127 121 124
0.974828 2.683594 1.511719 126 121 123
0.980469 2.710729 1.511719 125 121 122
0.980469 2.753906 1.513309 124 120 125
0.988281 0.933594 1.285625 110 108 118
0.988056 0.988281 1.285156 114 111 122
0.988281 1.012750 1.285156 114 111 120
0.988281 1.066406 1.285676 117 111 124
0.988281 1.105469 1.288277 116 112 125
0.988281 1.136719 1.292737 116 113 126
0.988281 1.183594 1.296160 119 115 128
0.988281 1.214844 1.297883 120 116 129
0.988281 1.250870 1.300781 121 117 129
0.988281 1.292969 1.304575 122 118 130
0.985827 1.332031 1.308594 124 120 131
0.981967 1.378906 1.316406 126 122 134
0.988281 1.410156 1.316965 128 123 132
0.988281 1.464844 1.320337 130 125 136
0.988281 1.496094 1.325631 131 125 134
0.984397 1.542969 1.332031 132 126 136
0.988281 1.566406 1.334211 133 127 137
0.987293 1.605469 1.339844 134 128 137
0.988281 1.644531 1.344803 136 129 138
0.988281 1.675781 1.349367 137 129 140
0.986758 1.730469 1.355469 138 130 139
0.980673 1.769531 1.363281 138 130 137
0.986516 1.800781 1.363281 139 131 139
0.982603 1.839844 1.371094 140 131 140
0.988281 1.871094 1.375263 141 132 139
0.988281 1.917969 1.382102 141 131 138
0.988281 1.964844 1.392313 141 132 137
0.988281 2.003906 1.398207 140 131 138
0.988281 2.035156 1.401689 140 130 138
0.984196 2.082031 1.410156 138 130 136
0.988281 2.113281 1.412710 137 129 134
0.988281 2.160156 1.419951 137 128 135
0.988281 2.191518 1.425781 135 127 132
0.985507 2.246094 1.433594 135 127 132
0.988281 2.285156 1.438808 134 127 132
0.988281 2.332031 1.447171 133 126 130
0.988281 2.378906 1.454834 131 124 127
0.986642 2.417969 1.464844 129 123 128
0.988281 2.449219 1.466622 129 124 126
0.986452 2.488281 1.472656 129 124 127
0.983673 2.527344 1.480469 128 122 127
0.981549 2.566406 1.488281 128 123 125
0.986616 2.597656 1.488281 128 123 125
0.988281 2.628906 1.490934 127 123 125
0.981936 2.667969 1.503906 126 121 126
0.988281 2.699219 1.504531 126 121 122
0.987989 2.738281 1.511719 126 121 120
0.988281 2.761719 1.512245 126 121 128
0.996094 0.941406 1.282059 112 108 119
0.996094 0.972656 1.281858 114 111 118
0.996094 1.011719 1.280151 115 111 124
0.996094 1.042969 1.279319 115 112 122
0.996094 1.074219 1.282021 117 113 125
0.996094 1.105469 1.283886 117 113 127
0.991667 1.152344 1.292969 118 114 126
0.995326 1.183594 1.292969 119 115 128
0.996094 1.230469 1.296242 121 117 129
0.992932 1.269531 1.300781 122 118 129
0.996094 1.300781 1.301491 123 119 132
0.996094 1.347656 1.305990 126 121 132
0.996094 1.378906 1.309483 126 122 131
0.996094 1.417969 1.314514 129 124 133
0.996094 1.449219 1.315927 130 125 133
0.996094 1.496094 1.322211 131 125 136
0.996094 1.527344 1.326220 132 126 137
0.996094 1.574219 1.333740 134 127 135
0.993351 1.621094 1.339844 135 128 137
0.996094 1.667969 1.345144 137 129 139
0.996094 1.699219 1.347565 138 130 140
0.996094 1.746094 1.353045 138 131 138
0.996094 1.792969 1.359491 140 131 139
0.996094 1.839844 1.365002 140 132 138
0.996094 1.878906 1.373009 141 132 138
0.996094 1.910156 1.377679 141 132 138
0.996094 1.941406 1.384868 140 132 137
0.996094 1.988281 1.391558 140 131 136
0.996094 2.027344 1.397308 140 131 136
0.994504 2.066406 1.402344 139 131 134
0.996094 2.105469 1.407231 138 130 136
0.988440 2.144531 1.417969 136 128 134
0.996094 2.175781 1.419475 136 128 134
0.996094 2.214844 1.425791 135 127 133
0.996094 2.261719 1.433021 134 126 132
0.996094 2.307108 1.441406 133 126 129
0.995491 2.355469 1.449219 131 125 128
0.996094 2.394531 1.456675 130 123 129
0.996094 2.441406 1.460685 130 124 128
0.996094 2.472656 1.464461 130 124 127
0.993023 2.511719 1.472656 129 123 125
0.990244 2.550781 1.480469 128 123 127
0.996094 2.578483 1.480469 127 122 125
0.996094 2.621094 1.485914 127 122 125
0.989886 2.660156 1.496094 127 122 124
0.988520 2.691406 1.503906 125 121 119
0.996094 2.721680 1.503906 124 120 122
0.996094 2.761719 1.507108 124 119 124
1.003906 0.933594 1.278781 111 108 120
1.002081 0.972656 1.277344 115 111 120
1.000175 1.003906 1.277344 114 111 121
0.998940 1.035156 1.277344 115 112 124
1.001765 1.066406 1.277344 116 112 125
1.003906 1.105469 1.278486 117 113 126
1.001556 1.144531 1.285156 118 114 126
0.996489 1.191406 1.292969 120 116 129
1.000010 1.222656 1.292969 121 117 127
1.003906 1.250793 1.292969 122 118 129
0.997505 1.300781 1.300781 123 119 132
1.002099 1.332031 1.300781 125 120 129
1.003906 1.371094 1.304389 127 122 133
1.003906 1.402344 1.308735 129 124 135
1.003906 1.457031 1.313017 130 125 136
1.003906 1.488281 1.318947 131 126 135
1.003906 1.527344 1.323941 132 126 135
1.000253 1.574219 1.332031 134 128 134
1.003906 1.613281 1.335158 135 129 136
1.003906 1.651900 1.339844 137 130 138
1.000404 1.707031 1.347656 137 130 139
1.003906 1.738281 1.350863 139 131 139
1.003906 1.777344 1.355570 139 131 137
1.003530 1.832031 1.363281 140 131 140
1.003906 1.871094 1.369879 141 132 139
1.003906 1.917969 1.377680 140 132 137
1.003906 1.957031 1.382966 140 131 137
1.003906 1.996094 1.389189 141 131 137
1.003906 2.032682 1.394531 140 132 138
0.999665 2.082031 1.402344 139 130 137
1.003906 2.121094 1.406868 137 129 136
1.003906 2.152344 1.410649 136 128 134
1.003906 2.187022 1.417969 136 128 133
0.999615 2.230469 1.425781 135 128 132
0.997047 2.269531 1.433594 133 126 131
0.996733 2.308594 1.441406 133 126 129
1.003906 2.339844 1.443476 131 125 128
1.003906 2.378906 1.450407 130 124 127
1.003906 2.417969 1.457178 130 124 126
0.997959 2.480469 1.464844 129 124 126
1.003906 2.505717 1.464844 130 124 127
1.001572 2.542969 1.472656 128 123 125
0.997003 2.582031 1.480469 127 122 125
1.002429 2.613281 1.480469 128 123 127
1.003906 2.644531 1.484636 127 122 122
1.003906 2.675781 1.489886 126 122 122
1.003906 2.707031 1.494461 127 121 126
1.003906 2.738281 1.500405 125 121 122
1.003906 2.769531 1.501023 123 120 121
1.004919 0.941406 1.277344 112 108 123
1.011719 0.986705 1.269531 114 111 120
1.011719 1.011719 1.267998 116 112 122
1.010675 1.042969 1.269531 115 112 123
1.011719 1.082031 1.272621 117 112 124
1.011719 1.113281 1.276750 117 113 123
1.006491 1.160156 1.285156 118 115 125
1.008723 1.191406 1.285156 120 116 128
1.011719 1.220627 1.285156 121 117 127
1.011719 1.261719 1.290190 123 119 129
1.011719 1.292969 1.292033 124 120 130
1.004768 1.347656 1.300781 125 121 133
1.011719 1.374620 1.300781 127 123 133
1.008013 1.417969 1.308594 129 124 133
1.011719 1.442968 1.308594 130 125 134
1.011719 1.494233 1.316406 132 127 134
1.008204 1.542969 1.324219 133 127 135
1.011719 1.582031 1.328886 135 128 137
1.010633 1.613281 1.332031 136 129 136
1.011719 1.652344 1.338620 137 129 138
1.011719 1.681498 1.339844 138 130 139
1.011719 1.730469 1.346686 139 131 138
1.011719 1.777344 1.353388 139 130 138
1.011719 1.808594 1.356482 140 131 139
1.011719 1.855469 1.364262 140 132 137
1.011719 1.898470 1.371094 141 132 138
1.007874 1.941406 1.378906 141 132 138
1.004013 1.980469 1.386719 141 132 138
1.011719 2.004909 1.386719 141 131 138
1.009758 2.050781 1.394531 140 131 137
1.011719 2.089844 1.398281 139 130 138
1.011719 2.121094 1.403214 138 129 135
1.011719 2.167737 1.410156 136 128 134
1.009117 2.207031 1.417969 135 127 133
1.004849 2.246094 1.425781 134 127 132
1.011719 2.277344 1.428427 133 126 132
1.011719 2.308594 1.434958 132 125 129
1.011719 2.347656 1.442072 131 125 128
1.011719 2.388393 1.449219 130 124 129
1.008036 2.433594 1.457031 129 123 127
1.006886 2.464844 1.457031 130 125 127
1.011719 2.496094 1.458234 130 124 126
1.011438 2.535156 1.464844 129 124 127
1.011719 2.566406 1.469672 128 123 126
1.011719 2.597656 1.473084 128 124 123
1.011719 2.636719 1.479527 127 122 122
1.007730 2.683594 1.488281 127 122 122
1.005264 2.714844 1.496094 126 121 124
1.008140 2.746094 1.496094 124 120 128
1.015161 0.925781 1.269531 112 108 121
1.013489 0.957031 1.269531 114 110 120
1.019531 0.988281 1.263888 114 111 120
1.019531 1.042969 1.265900 116 112 123
1.019531 1.074219 1.269918 117 113 124
1.019531 1.105469 1.271735 118 114 124
1.016748 1.144531 1.277344 118 115 125
1.019186 1.175781 1.277344 120 115 128
1.012895 1.222656 1.285156 121 117 127
1.017377 1.253906 1.285156 123 119 129
1.012098 1.300781 1.292969 124 120 130
1.016009 1.332031 1.292969 126 122 131
1.019531 1.356736 1.292969 127 123 131
1.019531 1.394531 1.298750 129 123 135
1.019531 1.433594 1.302186 130 125 133
1.018261 1.472656 1.308594 132 126 134
1.019531 1.503906 1.313971 132 127 134
1.019531 1.542969 1.318552 134 127 137
1.019531 1.579774 1.324219 135 128 137
1.019531 1.621094 1.330126 137 129 136
1.012807 1.667969 1.339844 137 130 136
1.019531 1.699219 1.340202 138 130 137
1.019531 1.746094 1.346560 138 130 138
1.019531 1.792969 1.351844 139 131 137
1.019531 1.839844 1.359006 140 132 138
1.019531 1.871094 1.363494 141 132 138
1.018035 1.917969 1.371094 141 132 139
1.019531 1.957031 1.375439 141 132 139
1.019531 1.996094 1.381979 141 131 138
1.019531 2.027904 1.386719 141 131 138
1.019531 2.074219 1.392895 139 130 136
1.013412 2.121094 1.402344 138 129 135
1.019531 2.152344 1.403591 136 128 135
1.018890 2.191406 1.410156 136 128 133
1.014918 2.230469 1.417969 134 127 132
1.019531 2.261719 1.421035 134 126 130
1.019531 2.300781 1.428201 132 125 129
1.019531 2.332031 1.434786 132 125 129
1.019531 2.367171 1.441406 131 125 128
1.019531 2.408534 1.449219 130 123 128
1.019531 2.464844 1.450832 131 125 130
1.019531 2.503906 1.454472 130 124 127
1.019531 2.542969 1.460650 129 124 127
1.019531 2.574219 1.465718 128 123 126
1.019531 2.613281 1.471267 129 124 125
1.015940 2.652344 1.480469 128 123 126
1.019531 2.677496 1.480469 127 121 125
1.017498 2.722656 1.488281 126 121 122
1.019531 2.753906 1.488948 126 120 118
1.026514 0.941406 1.261719 112 109 119
1.024410 0.972656 1.261719 115 112 120
1.024950 1.003906 1.261719 115 111 124
1.027344 1.035156 1.262489 116 113 123
1.027344 1.089844 1.266252 118 114 125
1.027344 1.121094 1.269398 119 115 125
1.027344 1.167969 1.271840 120 116 126
1.022694 1.207031 1.277344 122 117 130
1.027344 1.238281 1.278019 123 119 128
1.027344 1.277344 1.281959 124 120 131
1.027344 1.308594 1.285328 126 121 130
1.027344 1.363281 1.290790 127 123 133
1.027344 1.410156 1.294665 130 125 133
1.027344 1.441406 1.298353 131 125 135
1.022731 1.480469 1.308594 132 126 134
1.027344 1.511719 1.311103 133 127 134
1.025949 1.550781 1.316406 134 128 135
1.027344 1.582031 1.320686 135 128 136
1.027344 1.621094 1.325568 137 129 137
1.027344 1.659309 1.332031 137 130 138
1.021827 1.707031 1.339844 138 131 138
1.027344 1.738281 1.341619 139 130 139
1.027344 1.777344 1.346750 139 131 138
1.027344 1.816406 1.352002 140 132 139
1.027344 1.855469 1.358248 141 132 141
1.027344 1.894531 1.364412 141 132 139
1.025238 1.941406 1.371094 142 132 140
1.027344 1.980469 1.376396 142 132 139
1.027344 2.019531 1.382128 141 132 136
1.027344 2.056804 1.386719 140 131 137
1.027344 2.097656 1.392158 139 130 135
1.019893 2.144531 1.402344 136 128 133
1.027344 2.168875 1.402344 136 127 132
1.025239 2.214844 1.410156 135 127 132
1.027344 2.253906 1.415114 134 126 131
1.027344 2.285156 1.420817 133 126 130
1.027344 2.316406 1.426033 133 126 128
1.027344 2.348236 1.433594 132 125 130
1.027344 2.386719 1.440326 131 125 129
1.022943 2.425781 1.449219 130 124 128
1.021855 2.457031 1.449219 131 125 129
1.026218 2.488281 1.449219 131 125 126
1.022337 2.527344 1.457031 129 123 129
1.027344 2.552752 1.457031 129 123 129
1.027344 2.589844 1.461778 129 123 127
1.020439 2.628906 1.472656 128 122 125
1.027344 2.667969 1.474134 129 123 126
1.025206 2.707031 1.480469 127 122 122
1.027344 2.731203 1.480469 126 120 122
1.034270 0.925781 1.253906 109 106 113
1.035156 0.980469 1.255799 113 111 119
1.028825 1.035156 1.261719 116 113 123
1.035156 1.061969 1.261719 117 113 126
1.035156 1.097656 1.262452 118 114 127
1.027744 1.136719 1.269531 119 115 125
1.032190 1.167969 1.269531 120 115 127
1.034229 1.199219 1.269531 121 117 126
1.028825 1.238281 1.277344 123 119 129
1.034899 1.269531 1.277344 124 120 130
1.035156 1.308594 1.280885 126 121 131
1.035156 1.339844 1.283655 127 122 132
1.035156 1.378906 1.288734 128 123 132
1.035156 1.410156 1.291137 129 124 134
1.035156 1.457031 1.298577 131 125 134
1.029991 1.503906 1.308594 133 127 135
1.035156 1.535156 1.310530 133 127 136
1.035156 1.575359 1.316406 135 128 136
1.030658 1.621094 1.324219 136 129 137
1.035156 1.652344 1.326479 137 129 139
1.035156 1.683594 1.330547 138 130 139
1.028310 1.730469 1.339844 138 131 137
1.035156 1.761719 1.341134 140 131 140
1.034964 1.808594 1.347656 141 132 140
1.031330 1.847656 1.355469 141 132 139
1.027427 1.886719 1.363281 142 132 141
1.035156 1.915878 1.363281 142 132 140
1.035156 1.957031 1.369657 142 132 139
1.029273 2.003906 1.378906 141 133 137
1.035156 2.035156 1.380549 140 131 138
1.035156 2.074219 1.385437 141 131 137
1.035156 2.113281 1.390826 138 129 136
1.035156 2.144531 1.395505 137 129 134
1.034177 2.191406 1.402344 136 128 133
1.029983 2.230469 1.410156 135 127 132
1.035156 2.261719 1.412503 135 127 132
1.035037 2.300781 1.417969 133 126 130
1.034246 2.332031 1.425781 133 126 131
1.035156 2.363281 1.431653 132 125 130
1.031704 2.402344 1.441406 131 125 128
1.035156 2.430871 1.441406 130 124 127
1.035156 2.457031 1.441045 132 125 127
1.031195 2.503906 1.449219 131 125 128
1.035156 2.535156 1.451315 130 124 127
1.035156 2.574219 1.455447 130 124 127
1.035156 2.613281 1.461575 129 122 128
1.035156 2.644531 1.467453 128 124 124
1.035156 2.675781 1.470656 129 123 126
1.035156 2.707031 1.474120 129 124 122
1.035042 2.753906 1.480469 128 122 123
1.038163 0.949219 1.253906 113 110 120
1.039592 0.980469 1.253906 114 111 121
1.042969 1.003906 1.253896 114 111 121
1.042969 1.042969 1.255634 116 113 123
1.042969 1.082031 1.258646 117 113 122
1.042969 1.128906 1.261740 118 114 125
1.042969 1.191406 1.265550 121 116 128
1.042969 1.229686 1.269531 122 117 131
1.042969 1.277344 1.274555 124 119 131
1.042969 1.308594 1.276585 125 121 131
1.042969 1.355469 1.283304 127 122 133
1.042969 1.394531 1.287620 129 123 133
1.042969 1.439876 1.292969 131 125 136
1.042969 1.480469 1.298816 131 126 135
1.035806 1.527344 1.308594 133 127 137
1.042969 1.550826 1.308594 134 127 137
1.041397 1.597656 1.316406 135 128 138
1.037923 1.644531 1.324219 137 129 139
1.042969 1.675781 1.325847 138 130 138
1.042969 1.714844 1.329406 139 131 140
1.035359 1.753906 1.339844 139 131 138
1.042044 1.785156 1.339844 140 132 140
1.040077 1.824219 1.347656 141 132 140
1.038023 1.863281 1.355469 142 132 140
1.042969 1.902344 1.358606 142 132 139
1.042969 1.934981 1.363281 143 132 140
1.042969 1.980469 1.369127 142 132 139
1.036740 2.027344 1.378906 141 132 138
1.042969 2.058594 1.380318 142 132 137
1.041888 2.105469 1.386719 140 130 136
1.042969 2.144531 1.391841 138 129 134
1.042969 2.183594 1.397926 137 128 134
1.042969 2.222656 1.403129 136 127 133
1.041803 2.269531 1.410156 134 127 132
1.042969 2.308594 1.415830 133 126 130
1.039150 2.347656 1.425781 133 126 130
1.042969 2.378906 1.428690 132 125 129
1.042969 2.410156 1.435343 131 124 128
1.036004 2.464844 1.441406 131 125 129
1.042969 2.490856 1.441406 131 125 128
1.042969 2.535156 1.448001 130 124 127
1.042969 2.582031 1.452353 130 124 129
1.042969 2.613281 1.456764 129 123 128
1.039656 2.652344 1.464844 128 122 126
1.042969 2.691406 1.468768 128 122 127
1.042379 2.730469 1.472656 129 123 130
1.050781 0.941406 1.246422 113 111 115
1.050781 0.972656 1.248015 114 111 123
1.043741 1.027344 1.253906 115 111 123
1.049319 1.058594 1.253906 117 112 126
1.050781 1.087845 1.253906 117 113 122
1.043012 1.128906 1.261719 118 114 125
1.050781 1.158426 1.261719 120 115 126
1.050781 1.191406 1.264511 121 116 128
1.050781 1.238281 1.267628 122 118 129
1.050781 1.277344 1.271798 124 119 131
1.050781 1.324219 1.276181 126 121 133
1.043163 1.378906 1.285156 128 123 133
1.050781 1.410156 1.287244 129 124 134
1.050781 1.451573 1.292969 130 124 135
1.047344 1.503906 1.300781 132 126 137
1.050781 1.542969 1.304011 134 127 136
1.050781 1.575246 1.308594 135 128 138
1.046730 1.621094 1.316406 136 129 138
1.050781 1.660156 1.319268 138 130 141
1.050781 1.691406 1.323920 139 131 140
1.050781 1.738281 1.329801 140 132 139
1.050781 1.785156 1.336156 141 132 140
1.050781 1.824219 1.342441 142 132 140
1.050781 1.863281 1.349118 142 132 140
1.050781 1.902002 1.355469 143 132 141
1.049669 1.949219 1.363281 143 132 139
1.050781 1.988281 1.366603 143 133 139
1.050781 2.019531 1.371811 142 132 138
1.047801 2.066406 1.378906 142 132 138
1.050781 2.105469 1.382988 140 130 136
1.050781 2.136719 1.387802 139 130 135
1.050781 2.183375 1.394531 137 128 134
1.050781 2.222656 1.400166 136 128 133
1.050781 2.261719 1.404545 135 127 133
1.050781 2.297689 1.410156 134 126 130
1.050325 2.339844 1.417969 133 126 130
1.050781 2.371094 1.422565 133 126 130
1.045495 2.410156 1.433594 131 124 128
1.047367 2.441406 1.433594 131 125 127
1.050781 2.466564 1.433594 132 126 128
1.048633 2.511719 1.441406 131 124 128
1.050781 2.550781 1.445419 130 123 130
1.050781 2.582031 1.448588 130 124 127
1.050781 2.621094 1.452077 129 123 127
1.050781 2.652344 1.457278 129 122 130
1.049523 2.691406 1.464844 128 123 128
1.050781 2.738155 1.472656 128 122 125
1.050860 0.933594 1.246094 115 111 120
1.058594 0.972656 1.241096 114 111 121
1.058594 1.003906 1.244970 114 111 122
1.058594 1.035156 1.246911 116 113 121
1.058594 1.089844 1.250320 117 113 124
1.058594 1.121094 1.253298 118 114 126
1.058594 1.160156 1.257268 120 116 126
1.054867 1.199219 1.261719 121 117 128
1.058594 1.238281 1.264783 122 118 129
1.058594 1.277344 1.268235 124 120 131
1.052755 1.332031 1.277344 126 121 131
1.058594 1.371094 1.279209 127 122 133
1.058421 1.417969 1.285156 130 124 134
1.058594 1.457031 1.289709 131 125 135
1.058594 1.488281 1.293369 132 126 137
1.057150 1.535156 1.300781 134 127 137
1.058594 1.574219 1.305019 135 128 138
1.058594 1.605469 1.309051 136 129 140
1.055411 1.652344 1.316406 138 130 139
1.058594 1.691406 1.320151 139 131 140
1.058594 1.722656 1.323866 141 132 140
1.058594 1.761719 1.330748 142 132 141
1.058594 1.808594 1.336428 142 132 140
1.058594 1.847656 1.342220 142 133 139
1.058594 1.878906 1.347787 143 132 140
1.058594 1.917969 1.354199 144 133 140
1.052358 1.964844 1.363281 143 132 139
1.058594 1.996094 1.364909 143 133 140
1.058594 2.035156 1.368996 143 133 139
1.051532 2.082031 1.378906 142 131 138
1.058594 2.113281 1.380181 140 130 135
1.058594 2.152344 1.387068 139 129 135
1.055575 2.199219 1.394531 137 128 132
1.058594 2.238281 1.398618 136 128 133
1.058594 2.269531 1.402724 135 127 131
1.058570 2.316406 1.410156 134 126 132
1.055776 2.355469 1.417969 133 126 130
1.053518 2.394531 1.425781 131 125 128
1.058594 2.425781 1.426329 131 125 128
1.054443 2.480469 1.433594 132 125 128
1.051240 2.519531 1.441406 130 124 129
1.058208 2.550781 1.441406 132 124 132
1.052016 2.597656 1.449219 130 123 127
1.057886 2.628906 1.449219 130 123 127
1.058594 2.660156 1.453700 130 123 127
1.058594 2.699219 1.461867 129 122 130
1.058594 2.730469 1.466607 128 121 126
1.061599 0.941406 1.238281 114 111 120
1.061792 0.972656 1.238281 114 111 121
1.066406 1.019531 1.243900 115 112 122
1.066406 1.053837 1.246094 117 113 124
1.066406 1.082031 1.245404 117 113 125
1.061284 1.136719 1.253906 119 114 126
1.065765 1.167969 1.253906 121 116 127
1.059191 1.214844 1.261719 122 117 129
1.066406 1.245968 1.261719 123 119 130
1.062607 1.292969 1.269531 125 120 130
1.066406 1.324219 1.271498 125 120 132
1.066406 1.363281 1.275252 127 122 133
1.066406 1.402344 1.279791 129 123 135
1.066406 1.441406 1.284281 130 125 136
1.066406 1.488281 1.289957 132 126 137
1.066406 1.527344 1.296489 134 127 138
1.066406 1.566406 1.301115 136 128 138
1.066406 1.613281 1.305843 137 130 140
1.066406 1.660156 1.312189 139 131 140
1.066406 1.691406 1.317036 140 131 141
1.066406 1.738281 1.323073 142 132 139
1.066406 1.777344 1.328663 142 132 140
1.066406 1.808594 1.332154 143 133 141
1.066406 1.847656 1.338717 143 133 140
1.066406 1.886719 1.345511 144 133 141
1.066406 1.925781 1.350927 144 134 140
1.066406 1.957031 1.355416 144 133 139
1.066406 1.996094 1.361419 144 134 140
1.066406 2.042969 1.366554 144 134 139
1.066406 2.074219 1.370970 143 133 139
1.066406 2.113281 1.376454 141 131 135
1.066406 2.152344 1.383096 139 130 134
1.066406 2.191406 1.388830 138 129 134
1.066406 2.230469 1.394120 138 129 134
1.061693 2.277344 1.402344 135 127 131
1.066406 2.316406 1.406711 135 127 130
1.066406 2.355469 1.413039 134 127 130
1.066406 2.393042 1.417969 132 125 129
1.059376 2.433594 1.425781 132 125 129
1.064935 2.464844 1.425781 133 126 131
1.060464 2.503906 1.433594 132 125 130
1.066406 2.533401 1.433594 132 125 129
1.062220 2.574219 1.441406 131 125 129
1.066406 2.605469 1.443563 132 124 130
1.066406 2.649221 1.449219 131 124 129
1.062922 2.691406 1.457031 129 123 128
1.066406 2.730469 1.461517 129 121 129
1.072724 0.949219 1.230469 118 115 125
1.074219 0.972656 1.231084 115 112 119
1.074219 1.003906 1.237945 116 112 122
1.066693 1.058594 1.246094 117 113 123
1.074219 1.097656 1.242551 118 114 126
1.074219 1.136719 1.246914 120 115 126
1.074219 1.183594 1.250939 121 116 128
1.074219 1.214844 1.253945 123 118 127
1.069315 1.261719 1.261719 124 119 132
1.074219 1.292969 1.263812 125 120 132
1.074219 1.332031 1.268325 126 121 133
1.074219 1.378906 1.273262 128 123 133
1.074219 1.410156 1.277395 130 124 136
1.074219 1.457031 1.282883 132 126 136
1.074219 1.488281 1.286277 133 126 138
1.074219 1.527344 1.293461 134 127 138
1.074219 1.574219 1.298239 137 129 140
1.074219 1.613281 1.302989 138 130 139
1.073086 1.652344 1.308594 139 131 140
1.074219 1.691406 1.313757 141 132 141
1.074219 1.722656 1.316985 142 132 140
1.074219 1.761719 1.323494 143 133 140
1.074219 1.808594 1.329083 143 133 141
1.074219 1.847656 1.335745 143 133 141
1.074219 1.878906 1.340033 144 134 141
1.072242 1.925781 1.347656 144 134 140
1.069038 1.964844 1.355469 145 134 140
1.074219 2.003906 1.358800 145 134 139
1.074219 2.035156 1.362050 144 134 140
1.068771 2.082031 1.371094 143 132 138
1.074219 2.113281 1.372311 141 131 135
1.074219 2.149969 1.378906 140 130 136
1.070661 2.191406 1.386719 139 129 134
1.074219 2.230469 1.390106 137 128 134
1.074219 2.261719 1.394248 137 128 133
1.074219 2.300781 1.399809 135 127 132
1.074219 2.339844 1.406589 134 126 130
1.074219 2.371094 1.410966 134 127 129
1.074219 2.410156 1.416778 133 125 130
1.074219 2.441406 1.416876 134 126 130
1.074219 2.480469 1.422377 133 126 130
1.074219 2.519531 1.427237 132 125 130
1.072007 2.558594 1.433594 131 124 129
1.066752 2.597656 1.441406 132 125 131
1.073517 2.628906 1.441406 131 124 131
1.074219 2.660156 1.446009 130 122 130
1.066881 2.699219 1.457031 129 122 129
1.074219 2.730469 1.458295 129 122 125
1.082031 0.957031 1.226331 114 112 117
1.082031 0.995602 1.230469 116 111 123
1.082031 1.027344 1.234638 116 113 122
1.082031 1.058594 1.235337 118 113 124
1.082031 1.089844 1.237912 118 114 126
1.074900 1.128906 1.246094 119 115 125
1.078320 1.160156 1.246094 121 117 127
1.082031 1.191406 1.247241 122 117 129
1.082031 1.230469 1.251659 123 118 130
1.082031 1.269531 1.256693 125 120 132
1.082031 1.304181 1.261719 125 120 133
1.076472 1.355469 1.269531 127 122 133
1.082031 1.386719 1.270725 129 123 135
1.082031 1.425781 1.275399 131 125 135
1.082031 1.472656 1.281303 133 126 137
1.082031 1.511719 1.287184 135 127 138
1.079746 1.550781 1.292969 136 128 139
1.082031 1.589844 1.296801 138 130 139
1.082031 1.621094 1.301338 139 130 139
1.082031 1.667969 1.306967 141 132 140
1.082031 1.707031 1.312262 142 133 140
1.082031 1.740609 1.316406 143 133 142
1.079328 1.785156 1.324219 143 133 141
1.082031 1.824219 1.327920 144 133 140
1.082031 1.863281 1.334388 144 134 140
1.082031 1.897594 1.339844 145 134 141
1.079377 1.949219 1.347656 145 134 141
1.082031 1.980469 1.351997 145 134 141
1.082031 2.019531 1.357825 145 134 141
1.082031 2.066361 1.363281 145 134 140
1.076774 2.113281 1.371094 141 131 136
1.075227 2.152344 1.378906 140 130 136
1.082031 2.183594 1.380471 140 130 136
1.082031 2.222656 1.385076 139 129 134
1.077173 2.269531 1.394531 137 128 133
1.082031 2.300781 1.395841 136 127 132
1.081903 2.339844 1.402344 135 127 132
1.077681 2.378906 1.410156 134 126 130
1.082031 2.417969 1.412822 133 126 131
1.079473 2.464844 1.417969 134 126 132
1.074405 2.503906 1.425781 132 125 129
1.080578 2.535156 1.425781 132 125 131
1.076224 2.574219 1.433594 132 125 130
1.082031 2.605469 1.436021 132 124 133
1.082031 2.660156 1.442926 132 124 130
1.082031 2.699219 1.448696 132 125 130
1.082031 2.722656 1.451247 130 123 126
1.075224 2.753906 1.464844 129 122 137
1.089844 0.996094 1.225711 116 111 124
1.089844 1.027344 1.229572 116 112 123
1.089844 1.058594 1.230846 118 114 125
1.084885 1.113281 1.238281 119 114 126
1.089844 1.144531 1.239754 120 115 126
1.089844 1.191406 1.242807 122 117 129
1.089844 1.222656 1.246290 123 119 129
1.087288 1.269531 1.253906 125 120 131
1.089844 1.308594 1.257879 126 121 133
1.089844 1.339844 1.261398 127 122 134
1.084550 1.386719 1.269531 129 123 135
1.089844 1.417969 1.270914 131 125 136
1.089844 1.457031 1.275591 132 126 136
1.084633 1.503906 1.285156 134 127 138
1.089844 1.535156 1.286420 136 128 139
1.089262 1.582031 1.292969 138 130 139
1.089844 1.621094 1.297725 139 131 139
1.089844 1.652344 1.301906 141 131 140
1.089844 1.699219 1.308143 142 133 140
1.089844 1.746094 1.313768 144 133 140
1.089844 1.785156 1.319847 144 134 141
1.089844 1.816915 1.324219 144 133 140
1.089358 1.863281 1.332031 145 134 141
1.089844 1.902344 1.336919 145 134 142
1.089844 1.941406 1.342282 145 134 140
1.089844 1.980469 1.348843 146 135 141
1.089844 2.019531 1.354106 146 134 139
1.089844 2.058594 1.358132 146 134 141
1.089844 2.089844 1.363118 144 132 140
1.085906 2.136719 1.371094 141 130 137
1.082081 2.175781 1.378906 140 130 136
1.089844 2.200301 1.378906 140 130 135
1.089844 2.246094 1.384486 138 129 134
1.082323 2.292969 1.394531 136 128 132
1.089844 2.320042 1.394531 136 127 133
1.087007 2.363281 1.402344 135 126 131
1.089844 2.394531 1.405460 133 125 131
1.089844 2.425781 1.409354 134 126 131
1.089844 2.472656 1.414150 134 126 132
1.089844 2.503906 1.417360 134 127 132
1.084826 2.550781 1.425781 132 125 131
1.089844 2.582031 1.427658 132 125 132
1.089844 2.628906 1.435601 132 125 128
1.089844 2.660156 1.440411 132 125 133
1.089120 2.691406 1.441406 131 123 129
1.089844 2.722656 1.445529 131 124 132
1.090414 0.964844 1.222656 115 112 119
1.097656 0.988281 1.220248 116 111 121
1.097656 1.027344 1.224737 116 113 123
1.093519 1.074219 1.230469 118 114 124
1.097052 1.105469 1.230469 119 114 125
1.097656 1.136719 1.233833 120 115 128
1.097656 1.167969 1.236426 122 117 127
1.097656 1.207031 1.240064 123 117 129
1.096730 1.246094 1.246094 124 119 131
1.092149 1.285156 1.253906 125 120 132
1.097656 1.309846 1.253906 126 121 132
1.097656 1.355469 1.259151 128 122 132
1.097656 1.394531 1.263737 129 124 133
1.097656 1.431721 1.269531 132 125 137
1.092986 1.480469 1.277344 134 127 138
1.097656 1.519531 1.280605 136 128 138
1.097656 1.550781 1.285415 137 129 138
1.097656 1.597656 1.291013 139 130 141
1.097656 1.636719 1.296172 141 131 140
1.097656 1.671803 1.300781 142 133 140
1.097656 1.714844 1.306134 143 133 141
1.097656 1.753906 1.311583 144 133 142
1.097656 1.792969 1.317713 144 134 140
1.097656 1.835826 1.324219 145 134 142
1.097656 1.878906 1.330970 146 134 142
1.090873 1.925781 1.339844 146 134 142
1.097656 1.964844 1.342923 146 135 141
1.097656 1.996366 1.347656 147 134 142
1.094179 2.050781 1.355469 146 134 140
1.097656 2.089844 1.359501 144 133 139
1.097656 2.121094 1.363049 142 131 138
1.097656 2.160156 1.369616 141 131 135
1.091012 2.207031 1.378906 139 129 134
1.097656 2.236480 1.378906 139 129 135
1.094414 2.277344 1.386719 138 128 134
1.097656 2.316406 1.390272 136 127 133
1.097656 2.347656 1.394198 136 127 132
1.097656 2.386719 1.399634 134 126 131
1.097656 2.425781 1.404894 134 126 132
1.095828 2.464844 1.410156 135 126 132
1.097656 2.511719 1.414451 134 125 132
1.097656 2.542969 1.418151 133 125 132
1.097656 2.585981 1.425781 133 124 132
1.097656 2.621094 1.430276 133 125 131
1.097656 2.667969 1.437802 132 125 129
1.097656 2.707031 1.439482 131 126 131
1.096600 2.746094 1.449219 132 124 139
1.103482 0.980469 1.214844 115 111 121
1.105469 1.011719 1.219415 116 112 122
1.105469 1.042969 1.219582 117 113 124
1.105469 1.082031 1.223839 119 115 126
1.105469 1.128906 1.228107 120 116 126
1.105469 1.167969 1.232471 121 117 128
1.105469 1.207031 1.236570 123 118 130
1.099616 1.253906 1.246094 124 120 131
1.105469 1.283152 1.246094 126 121 132
1.105469 1.324219 1.250696 127 121 132
1.105469 1.355469 1.255262 128 123 133
1.105469 1.394531 1.260140 130 124 136
1.098038 1.433594 1.269531 132 125 137
1.104536 1.464844 1.269531 133 127 137
1.101078 1.503906 1.277344 135 128 138
1.105469 1.535156 1.278985 137 129 140
1.102533 1.574219 1.285156 138 130 139
1.105469 1.613281 1.289603 140 131 140
1.105469 1.644531 1.294041 141 132 141
1.102818 1.691406 1.300781 143 133 142
1.105469 1.730469 1.304571 144 134 142
1.105469 1.761719 1.310392 145 134 142
1.105469 1.800781 1.315287 145 134 141
1.105469 1.839844 1.321341 146 134 141
1.105469 1.878906 1.328208 146 135 142
1.105469 1.917969 1.333860 147 135 142
1.105469 1.957031 1.339067 147 135 141
1.105469 2.003906 1.345425 147 135 141
1.105469 2.042969 1.350197 147 134 141
1.105469 2.082031 1.355091 145 134 140
1.105469 2.128906 1.361176 143 131 138
1.098357 2.175781 1.371094 141 130 136
1.105469 2.202668 1.371094 141 130 136
1.105469 2.246094 1.377189 139 129 135
1.105469 2.285156 1.381482 138 128 134
1.105469 2.316406 1.386451 136 127 133
1.100364 2.363281 1.394531 135 127 132
1.105469 2.394531 1.396973 134 126 131
1.104574 2.433594 1.402344 135 126 133
1.099212 2.472656 1.410156 134 126 132
1.105469 2.499612 1.410156 135 127 133
1.101097 2.550781 1.417969 133 125 132
1.099049 2.589844 1.425781 133 124 132
1.105469 2.616229 1.425781 134 126 133
1.105469 2.652344 1.430990 133 124 130
1.105469 2.683594 1.433978 131 125 132
1.105469 2.730469 1.438818 131 124 134
1.113281 0.980469 1.208068 115 111 122
1.113281 1.019531 1.215498 117 113 123
1.106056 1.074219 1.222656 119 114 125
1.110398 1.105469 1.222656 120 115 127
1.113281 1.136719 1.223913 121 116 127
1.109718 1.175781 1.230469 122 117 129
1.113281 1.214844 1.233474 124 118 131
1.113281 1.246094 1.237550 125 120 132
1.113281 1.285156 1.242036 126 121 131
1.113281 1.316406 1.246499 127 122 132
1.113281 1.363281 1.252109 129 123 135
1.113281 1.410156 1.258095 131 125 138
1.113281 1.441406 1.262814 133 126 137
1.110728 1.488281 1.269531 135 127 138
1.106223 1.527344 1.277344 137 128 138
1.113281 1.566406 1.279418 139 130 139
1.113281 1.605469 1.285145 141 131 140
1.111270 1.652344 1.292969 142 132 142
1.113281 1.691406 1.295730 143 133 142
1.113281 1.726227 1.300781 145 134 142
1.113281 1.769531 1.308762 145 134 141
1.110979 1.824219 1.316406 146 134 140
1.109274 1.863281 1.324219 146 135 141
1.113281 1.902344 1.328181 148 135 143
1.113281 1.933594 1.332628 148 135 144
1.110846 1.980469 1.339844 147 135 142
1.113281 2.019531 1.343726 148 135 143
1.113281 2.050781 1.348060 147 135 142
1.113281 2.097656 1.353682 145 133 139
1.105528 2.144531 1.363281 142 131 137
1.113281 2.175781 1.364685 142 131 137
1.112874 2.222656 1.371094 141 129 135
1.107648 2.269531 1.378906 139 128 134
1.113281 2.300781 1.380049 138 128 134
1.113281 2.339844 1.386119 136 127 133
1.113281 2.386719 1.391163 135 127 132
1.113281 2.425781 1.397318 135 126 133
1.113281 2.464844 1.401154 135 127 133
1.113281 2.503906 1.407298 135 127 133
1.113281 2.535156 1.410296 133 125 132
1.109608 2.582031 1.417969 133 125 132
1.107156 2.621094 1.425781 134 125 132
1.113281 2.651653 1.425781 133 125 128
1.113281 2.691406 1.430164 133 124 132
1.113281 2.730469 1.438822 131 126 126
1.121094 0.972656 1.203866 116 111 123
1.113644 1.011719 1.214844 117 112 123
1.113994 1.042969 1.214844 117 113 124
1.118381 1.074219 1.214844 118 114 125
1.121094 1.105469 1.217053 120 115 127
1.121094 1.144531 1.220375 121 116 127
1.113859 1.191406 1.230469 123 118 129
1.120030 1.222656 1.230469 124 119 131
1.121094 1.261719 1.234741 126 120 132
1.121094 1.292969 1.239555 127 121 132
1.121094 1.332031 1.245199 128 122 134
1.113933 1.378906 1.253906 130 124 135
1.121094 1.405995 1.253906 132 125 137
1.121094 1.449219 1.260316 134 126 139
1.115448 1.503906 1.269531 136 128 139
1.113659 1.542969 1.277344 138 129 140
1.118849 1.574219 1.277344 140 130 140
1.114966 1.613281 1.285156 141 131 141
1.121094 1.644531 1.286627 143 132 141
1.121094 1.683594 1.291905 144 133 143
1.114625 1.730469 1.300781 145 134 142
1.121094 1.761719 1.303758 145 134 143
1.121094 1.792969 1.307552 146 134 143
1.116783 1.839844 1.316406 146 134 142
1.113669 1.878906 1.324219 147 135 141
1.121094 1.910156 1.325554 148 135 145
1.121094 1.949219 1.331819 149 136 145
1.121094 1.996094 1.337377 148 135 143
1.121094 2.027344 1.341224 147 135 144
1.121094 2.066406 1.345498 147 135 142
1.114062 2.113281 1.355469 144 132 139
1.121094 2.144531 1.356894 143 132 138
1.121094 2.183594 1.361734 142 131 137
1.114162 2.230469 1.371094 141 130 136
1.121094 2.255243 1.371094 141 130 136
1.121094 2.300781 1.376074 138 128 133
1.114398 2.347656 1.386719 137 127 133
1.120713 2.378906 1.386719 136 127 132
1.117382 2.417969 1.394531 135 126 132
1.121094 2.449219 1.395846 137 127 133
1.120100 2.496094 1.402344 135 127 133
1.121094 2.535156 1.407318 135 127 133
1.121094 2.574219 1.412033 134 126 132
1.121094 2.613281 1.414929 134 126 131
1.121094 2.644531 1.418584 133 125 133
1.121094 2.675781 1.423776 133 125 128
1.121094 2.714844 1.431148 131 125 132
1.128906 0.964844 1.201543 115 111 121
1.124083 1.011719 1.207031 117 112 121
1.127113 1.042969 1.207031 118 113 124
1.128906 1.089844 1.209049 119 115 125
1.128906 1.121094 1.214958 121 116 127
1.122060 1.160156 1.222656 122 117 127
1.127800 1.191406 1.222656 123 117 130
1.128906 1.230469 1.227141 125 119 132
1.128906 1.261719 1.230911 126 121 131
1.128906 1.306956 1.238281 127 122 133
1.124327 1.355469 1.246094 129 123 134
1.128906 1.386719 1.247718 131 124 136
1.128906 1.425781 1.252463 133 126 138
1.122547 1.464844 1.261719 135 127 138
1.128906 1.496094 1.262783 137 128 140
1.128906 1.535156 1.268592 139 129 141
1.124738 1.589844 1.277344 141 131 142
1.128906 1.621094 1.279348 142 132 142
1.128906 1.655488 1.285156 144 133 143
1.125459 1.707031 1.292969 145 134 144
1.128906 1.746094 1.297576 146 134 143
1.128906 1.785156 1.303324 147 135 144
1.128906 1.824219 1.307822 148 135 144
1.128906 1.863281 1.315119 147 135 143
1.124681 1.910156 1.324219 148 135 144
1.128906 1.949219 1.327870 148 136 144
1.128906 1.980469 1.332195 148 135 144
1.126959 2.035156 1.339844 148 136 142
1.121814 2.082031 1.347656 147 134 143
1.128906 2.113281 1.349322 145 133 139
1.128906 2.152344 1.354574 144 132 139
1.128906 2.199219 1.360208 143 131 138
1.128906 2.238281 1.366117 142 130 137
1.128906 2.277344 1.369764 140 129 136
1.128906 2.316406 1.375274 138 127 135
1.128906 2.347656 1.379636 137 127 133
1.128906 2.394531 1.385967 136 128 133
1.128906 2.441406 1.391153 137 128 134
1.128906 2.472656 1.394986 137 127 134
1.126150 2.519531 1.402344 135 126 134
1.121445 2.558594 1.410156 134 125 133
1.128288 2.589844 1.410156 134 126 130
1.128906 2.613281 1.409436 133 126 132
1.128906 2.652344 1.416674 134 126 132
1.128906 2.691406 1.423208 133 125 133
1.126377 2.738281 1.433594 131 125 138
1.136719 0.980469 1.197908 116 112 125
1.136719 1.019531 1.200721 118 113 123
1.130437 1.066406 1.207031 118 114 124
1.134732 1.097656 1.207031 120 115 127
1.130332 1.136719 1.214844 121 116 127
1.136719 1.167969 1.216040 122 117 129
1.132823 1.214844 1.222656 124 119 131
1.136719 1.246094 1.225538 126 120 132
1.136719 1.283627 1.230469 127 121 134
1.133422 1.324219 1.238281 128 122 133
1.136719 1.363281 1.241608 130 124 135
1.136719 1.401160 1.246094 132 125 137
1.135059 1.449219 1.253906 135 126 140
1.136719 1.488281 1.259130 137 128 140
1.136719 1.535156 1.265484 139 129 141
1.136719 1.566406 1.269557 140 130 141
1.135093 1.621094 1.277344 143 132 143
1.136719 1.660156 1.281995 145 133 144
1.136719 1.691406 1.286625 146 134 144
1.134947 1.738281 1.292969 147 135 144
1.132197 1.777344 1.300781 147 135 144
1.136719 1.808594 1.302558 148 135 144
1.136719 1.847656 1.308432 148 135 144
1.133832 1.886719 1.316406 148 135 144
1.136719 1.925781 1.320555 148 136 142
1.136719 1.957031 1.325506 149 136 143
1.136719 1.996094 1.330213 149 136 143
1.136719 2.035156 1.335617 148 136 143
1.136719 2.066406 1.339428 148 136 143
1.132379 2.113281 1.347656 145 133 140
1.136719 2.152344 1.350900 145 132 140
1.136719 2.183594 1.354652 144 132 138
1.136719 2.222656 1.359920 142 130 137
1.136719 2.253906 1.363343 141 130 136
1.136719 2.300781 1.368931 139 129 136
1.130264 2.347656 1.378906 137 127 133
1.136719 2.375462 1.378906 137 128 133
1.134924 2.417969 1.386719 137 128 134
1.136719 2.464844 1.389859 137 128 134
1.136719 2.496094 1.393542 136 127 134
1.132424 2.542969 1.402344 135 127 132
1.136719 2.574219 1.403678 135 127 131
1.136719 2.621094 1.408402 135 127 133
1.132744 2.667969 1.417969 134 126 135
1.136719 2.699219 1.420983 133 125 132
1.136719 2.730469 1.426127 131 124 124
1.138378 1.003906 1.199219 117 112 125
1.140033 1.035156 1.199219 117 113 123
1.144531 1.063133 1.199219 119 114 125
1.141655 1.113281 1.207031 121 116 128
1.144531 1.144531 1.207862 121 116 126
1.141365 1.183594 1.214844 123 117 129
1.144531 1.222656 1.218063 125 119 131
1.144531 1.261719 1.223796 126 120 133
1.144531 1.300781 1.229308 128 122 134
1.139741 1.347656 1.238281 130 123 135
1.144531 1.378906 1.240204 131 124 135
1.144531 1.417969 1.245827 134 126 139
1.141148 1.464844 1.253906 136 127 139
1.136950 1.503906 1.261719 138 128 140
1.144531 1.527463 1.261719 139 129 142
1.144531 1.574219 1.268082 142 131 143
1.144531 1.621094 1.273695 144 132 143
1.144531 1.652344 1.277937 145 133 145
1.144531 1.699219 1.283811 146 134 145
1.138824 1.746094 1.292969 147 135 145
1.144531 1.777344 1.294461 148 135 145
1.144531 1.816406 1.300104 148 135 143
1.141457 1.863281 1.308594 148 136 144
1.144531 1.894531 1.311761 149 137 144
1.144531 1.925781 1.316903 149 136 143
1.144531 1.970395 1.324219 150 137 145
1.144531 2.019531 1.329405 149 136 143
1.144531 2.058594 1.335155 149 136 143
1.142803 2.097656 1.339844 147 134 141
1.140068 2.136719 1.347656 145 132 139
1.144531 2.167969 1.348927 144 131 140
1.143500 2.214844 1.355469 143 131 138
1.144531 2.253906 1.359632 142 130 137
1.144531 2.285156 1.362980 140 130 136
1.144531 2.324219 1.367871 139 128 134
1.144531 2.363281 1.373565 138 128 135
1.144531 2.399443 1.378906 137 128 133
1.138870 2.441406 1.386719 138 128 135
1.144531 2.468679 1.386719 138 128 136
1.144531 2.511719 1.391398 137 127 134
1.144531 2.550781 1.396793 136 127 133
1.143731 2.589844 1.402344 135 126 133
1.139153 2.636719 1.410156 135 126 134
1.144531 2.667969 1.412123 134 126 131
1.144531 2.707031 1.418275 134 126 135
1.141251 2.738281 1.425781 132 126 123
1.152344 0.988281 1.189101 117 112 127
1.152344 1.019531 1.190908 117 112 124
1.152344 1.066406 1.196115 119 114 125
1.152344 1.097656 1.199152 121 115 127
1.146633 1.144531 1.207031 122 116 127
1.152344 1.175781 1.209100 123 118 130
1.152344 1.214844 1.213415 125 119 131
1.152344 1.253906 1.219155 126 120 133
1.152344 1.285156 1.223072 128 122 134
1.152344 1.324219 1.229543 129 122 136
1.152344 1.371094 1.235418 131 124 137
1.152344 1.417969 1.242831 134 126 139
1.152344 1.457031 1.248209 136 127 140
1.152344 1.496094 1.253787 137 128 141
1.149122 1.542969 1.261719 140 130 141
1.145603 1.589844 1.269531 143 132 144
1.152344 1.621094 1.271234 144 133 144
1.150495 1.667969 1.277344 146 134 145
1.147014 1.714844 1.285156 147 135 144
1.152344 1.753906 1.288119 148 135 145
1.152344 1.790403 1.292969 148 135 144
1.152344 1.832031 1.299506 149 136 145
1.146127 1.878906 1.308594 149 136 144
1.152344 1.910156 1.310556 149 136 144
1.152344 1.944679 1.316406 150 137 145
1.147856 1.988281 1.324219 149 137 144
1.152344 2.019531 1.326738 150 137 144
1.152344 2.058594 1.331688 150 137 144
1.152344 2.105469 1.336830 147 134 141
1.152344 2.144531 1.342604 146 133 139
1.151150 2.183594 1.347656 144 131 139
1.152344 2.222656 1.352394 143 131 137
1.152344 2.253906 1.355612 142 131 137
1.152344 2.300781 1.361688 140 130 135
1.145628 2.347656 1.371094 138 128 135
1.152344 2.378906 1.371869 137 128 135
1.152344 2.417969 1.377677 138 128 136
1.152344 2.464844 1.382928 138 128 135
1.152344 2.496094 1.386693 137 128 134
1.147722 2.542969 1.394531 136 127 134
1.152344 2.574219 1.396729 136 126 135
1.152344 2.613281 1.401934 135 126 136
1.152344 2.660156 1.407967 135 126 134
1.144877 2.707031 1.417969 134 126 135
1.158603 0.972656 1.183594 116 111 124
1.156157 1.027344 1.191406 118 112 125
1.159881 1.058594 1.191406 119 114 127
1.154555 1.105469 1.199219 121 115 126
1.160156 1.133789 1.199219 122 116 130
1.160156 1.175781 1.204961 124 118 130
1.160156 1.222656 1.211180 126 120 132
1.160156 1.253906 1.214805 127 121 135
1.160156 1.292969 1.220275 129 122 135
1.153428 1.332031 1.230469 130 123 135
1.160156 1.358321 1.230469 131 123 137
1.158562 1.402344 1.238281 133 125 139
1.160156 1.441406 1.242736 136 126 140
1.160156 1.472656 1.246770 137 127 141
1.160156 1.517632 1.253906 140 129 142
1.160156 1.558594 1.259601 142 131 142
1.160156 1.597656 1.264190 144 132 143
1.159994 1.636719 1.269531 145 134 145
1.160156 1.675781 1.273963 147 134 145
1.160156 1.707031 1.278375 148 135 146
1.160156 1.746094 1.283979 148 135 144
1.153579 1.792969 1.292969 148 136 144
1.160156 1.832031 1.296556 150 136 146
1.160156 1.871094 1.301548 150 137 145
1.159905 1.917969 1.308594 150 137 145
1.157437 1.957031 1.316406 150 137 144
1.160156 1.996094 1.320510 150 137 144
1.160156 2.035156 1.325523 150 136 144
1.157116 2.082031 1.332031 148 136 142
1.153024 2.128906 1.339844 146 133 139
1.160156 2.160156 1.340860 146 132 140
1.157339 2.207031 1.347656 144 132 138
1.160156 2.246094 1.351408 142 131 138
1.160156 2.277344 1.355771 142 130 137
1.160156 2.324219 1.361133 140 129 135
1.152413 2.371094 1.371094 138 128 136
1.160156 2.399802 1.371094 138 128 134
1.160156 2.441406 1.376411 139 128 137
1.160156 2.480469 1.381045 139 129 136
1.160156 2.519531 1.386068 137 127 137
1.160156 2.566406 1.391042 136 127 135
1.160156 2.613281 1.399494 136 126 135
1.160156 2.652344 1.402705 135 126 132
1.160156 2.691406 1.405676 133 125 128
1.160156 2.722656 1.409286 134 126 127
1.167969 0.988281 1.178149 118 112 126
1.167969 1.019531 1.182271 120 114 126
1.167969 1.066406 1.188749 120 114 127
1.167969 1.097656 1.192155 121 115 127
1.167969 1.144531 1.196748 123 117 129
1.160505 1.191406 1.207031 125 119 130
1.167969 1.221147 1.207031 126 119 132
1.164781 1.269531 1.214844 128 121 135
1.167969 1.308594 1.218361 129 123 135
1.167969 1.347656 1.225229 131 123 137
1.167969 1.382636 1.230469 133 125 138
1.165469 1.425781 1.238281 135 126 140
1.167969 1.464844 1.242465 137 128 142
1.167969 1.496094 1.246226 139 129 141
1.167969 1.535156 1.252729 141 130 141
1.161451 1.582031 1.261719 143 131 143
1.167969 1.613281 1.263389 145 133 144
1.166947 1.660156 1.269531 147 134 145
1.162765 1.707031 1.277344 148 135 146
1.167969 1.738281 1.279308 149 136 145
1.167969 1.777344 1.284630 149 136 145
1.167969 1.816406 1.291617 150 136 145
1.160299 1.863281 1.300781 150 136 145
1.167969 1.887740 1.300781 150 137 146
1.167969 1.933594 1.307825 152 138 145
1.163502 1.980469 1.316406 151 137 145
1.167969 2.019531 1.319821 151 138 144
1.167969 2.050781 1.323701 150 137 142
1.162603 2.097656 1.332031 148 135 143
1.167969 2.128906 1.333869 147 134 141
1.167969 2.167969 1.337895 147 134 142
1.167969 2.214844 1.344366 144 132 139
1.167969 2.246094 1.347942 143 131 139
1.165696 2.292969 1.355469 142 131 136
1.160647 2.339844 1.363281 139 129 135
1.167969 2.367080 1.363281 139 129 136
1.167969 2.410156 1.368817 138 128 135
1.167969 2.449219 1.373442 140 129 137
1.166948 2.488281 1.378906 138 128 137
1.167969 2.527344 1.383841 137 127 136
1.167969 2.558594 1.387325 137 127 135
1.167969 2.597656 1.393246 137 127 133
1.167969 2.636719 1.397457 136 126 135
1.167969 2.667969 1.402372 135 127 127
1.167969 2.692528 1.402344 136 126 134
1.171111 0.988281 1.175781 119 113 126
1.175781 1.011719 1.175064 119 113 125
1.175781 1.042969 1.182133 119 113 125
1.175781 1.089844 1.185063 121 115 128
1.175781 1.121094 1.189322 122 116 128
1.169225 1.160156 1.199219 123 118 129
1.174987 1.191406 1.199219 126 120 133
1.169443 1.230469 1.207031 126 120 133
1.175781 1.258154 1.207031 128 121 136
1.172539 1.300781 1.214844 129 122 135
1.175781 1.332031 1.218471 131 123 137
1.175781 1.363281 1.223767 132 124 139
1.175781 1.402344 1.229176 135 126 140
1.175781 1.441406 1.235561 137 127 141
1.175781 1.480469 1.240933 139 128 143
1.175781 1.516442 1.246094 140 130 141
1.175781 1.558594 1.251910 143 131 144
1.169341 1.605469 1.261719 145 133 144
1.175781 1.636719 1.262638 147 134 145
1.173739 1.683594 1.269531 148 135 146
1.170404 1.730469 1.277344 149 136 145
1.175781 1.761719 1.278992 149 137 144
1.175781 1.800781 1.285039 150 137 145
1.175781 1.839844 1.291860 150 137 146
1.175781 1.886719 1.297887 151 137 147
1.175781 1.925781 1.303092 151 138 145
1.175436 1.964844 1.308594 151 138 146
1.171232 2.003906 1.316406 151 138 145
1.175781 2.035156 1.318931 151 137 144
1.175781 2.074219 1.323747 151 137 144
1.175781 2.121094 1.329560 148 135 143
1.175781 2.160156 1.333892 147 134 141
1.175781 2.199219 1.339076 145 133 140
1.168617 2.246094 1.347656 143 131 139
1.175781 2.277344 1.349788 143 131 139
1.175781 2.316406 1.353776 142 131 138
1.175781 2.355469 1.358691 140 130 137
1.175294 2.394531 1.363281 139 129 136
1.175781 2.433594 1.368074 140 130 138
1.175781 2.464844 1.371808 140 129 135
1.175781 2.511701 1.378906 139 129 136
1.175781 2.558594 1.383750 137 128 133
1.175781 2.597656 1.388260 138 127 137
1.175227 2.636719 1.394531 137 127 135
1.175781 2.667969 1.397317 136 127 134
1.175781 2.707871 1.402344 134 127 127
1.183594 0.996094 1.167428 118 111 127
1.183594 1.029888 1.175781 119 113 127
1.178081 1.074219 1.183594 121 114 128
1.181812 1.105469 1.183594 122 116 128
1.183594 1.144531 1.188239 123 117 130
1.183594 1.183594 1.193959 125 118 132
1.182656 1.222656 1.199219 126 120 132
1.183594 1.261719 1.204289 128 121 135
1.183594 1.308594 1.211072 130 122 136
1.183594 1.347656 1.217224 132 124 137
1.183594 1.381848 1.222656 134 125 139
1.183594 1.425781 1.228801 136 127 140
1.183594 1.464844 1.234506 138 128 140
1.183594 1.496094 1.239212 140 129 142
1.183594 1.535156 1.244380 142 130 144
1.183594 1.574219 1.250391 145 132 145
1.183594 1.613281 1.256084 146 134 144
1.181752 1.652344 1.261719 148 135 145
1.183594 1.691406 1.267011 149 136 147
1.183594 1.730469 1.271862 150 137 146
1.183594 1.769531 1.277461 150 136 145
1.183594 1.816406 1.284500 150 137 146
1.179983 1.863281 1.292969 151 137 146
1.183594 1.894531 1.294829 151 138 145
1.183594 1.930880 1.300781 152 138 146
1.181913 1.980469 1.308594 152 138 145
1.178454 2.027344 1.316406 151 138 144
1.183594 2.066406 1.319352 151 138 144
1.183594 2.103022 1.324219 150 136 144
1.178955 2.152344 1.332031 148 134 141
1.183594 2.183594 1.333857 148 134 142
1.183010 2.230469 1.339844 145 133 141
1.183594 2.269531 1.344901 144 132 139
1.183594 2.308594 1.349440 143 131 139
1.182065 2.355469 1.355469 141 130 135
1.183594 2.394531 1.359540 140 129 136
1.183594 2.425781 1.364082 141 130 137
1.183594 2.472656 1.369612 141 130 136
1.175788 2.511719 1.378906 139 129 136
1.183594 2.537672 1.378906 139 128 134
1.177662 2.589844 1.386719 138 128 137
1.183594 2.620206 1.386719 137 126 134
1.183594 2.660156 1.393785 135 127 132
1.183594 2.691406 1.396543 136 126 139
1.183594 2.730469 1.405002 134 126 144
1.191406 1.019531 1.169154 120 114 125
1.190663 1.058594 1.175781 121 114 128
1.191406 1.084508 1.175781 122 115 128
1.188961 1.128906 1.183594 123 117 130
1.191406 1.167969 1.187907 124 118 131
1.191406 1.199219 1.193051 126 120 133
1.191406 1.242832 1.199219 128 121 135
1.191406 1.285156 1.204724 129 122 135
1.183899 1.332031 1.214844 131 123 137
1.191406 1.363281 1.216738 133 125 138
1.191406 1.402344 1.221635 135 126 140
1.187280 1.449219 1.230469 138 127 141
1.191406 1.488281 1.234151 140 129 142
1.191406 1.519531 1.238016 142 130 143
1.191406 1.558594 1.243579 144 132 144
1.191406 1.597656 1.250126 146 134 145
1.191406 1.628906 1.254521 147 135 147
1.189689 1.675781 1.261719 149 136 145
1.191406 1.714844 1.266054 150 137 147
1.191406 1.746094 1.269543 150 137 146
1.191406 1.785156 1.275002 150 137 145
1.191406 1.824219 1.281611 151 138 148
1.191406 1.863281 1.287876 152 138 146
1.191406 1.902344 1.293429 152 139 146
1.189723 1.949219 1.300781 153 139 147
1.191406 1.988281 1.305398 152 139 147
1.191406 2.027344 1.311216 152 139 147
1.190776 2.066406 1.316406 152 138 145
1.191406 2.105469 1.321617 150 137 142
1.191406 2.144531 1.326194 149 136 142
1.189271 2.191406 1.332031 147 135 141
1.185735 2.238281 1.339844 145 133 141
1.191406 2.269531 1.341884 144 132 138
1.191406 2.308594 1.345516 143 131 138
1.191406 2.355469 1.351410 142 131 136
1.191406 2.388025 1.355469 140 130 137
1.191406 2.433594 1.362092 142 130 138
1.191406 2.480469 1.366948 141 130 137
1.191406 2.519531 1.371772 140 129 137
1.191406 2.558594 1.377546 138 128 135
1.191406 2.605469 1.381270 138 128 138
1.191406 2.641510 1.386719 136 127 135
1.191406 2.675781 1.388239 136 126 138
1.185902 2.730469 1.402344 134 127 141
1.195395 1.027344 1.167969 120 114 126
1.199219 1.066406 1.170970 121 114 126
1.199219 1.105469 1.173705 123 117 129
1.194459 1.144531 1.183594 124 118 130
1.199219 1.175781 1.184905 125 119 132
1.199219 1.214844 1.191675 126 120 133
1.197653 1.261719 1.199219 129 122 136
1.199219 1.300781 1.203559 130 122 137
1.199219 1.332031 1.207693 132 124 138
1.199219 1.371094 1.214635 134 125 139
1.195007 1.417969 1.222656 136 127 142
1.199219 1.457031 1.226212 139 128 143
1.199219 1.488281 1.230390 140 129 143
1.196286 1.535156 1.238281 143 131 143
1.192655 1.574219 1.246094 145 133 146
1.199219 1.597691 1.246094 146 134 146
1.197174 1.644531 1.253906 148 136 145
1.193181 1.683594 1.261719 150 137 146
1.199219 1.711566 1.261719 150 137 147
1.199219 1.753906 1.267170 151 137 146
1.199219 1.785156 1.270496 151 137 145
1.198823 1.824219 1.277344 152 138 147
1.199219 1.855469 1.282660 152 139 147
1.199219 1.894531 1.288480 153 139 148
1.199219 1.925781 1.292765 153 139 147
1.199219 1.964844 1.298395 153 139 148
1.199219 2.003906 1.304687 153 140 145
1.199219 2.035156 1.309272 153 139 146
1.199219 2.082031 1.314740 152 139 145
1.192307 2.128906 1.324219 149 136 142
1.199143 2.160156 1.324219 149 136 142
1.199219 2.199219 1.328826 147 134 141
1.199219 2.238281 1.334068 147 134 140
1.199219 2.277344 1.338879 145 132 140
1.191811 2.324219 1.347656 143 131 139
1.199219 2.352893 1.347656 143 131 139
1.195954 2.402344 1.355469 141 130 136
1.192246 2.449219 1.363281 142 131 137
1.199219 2.477219 1.363281 141 130 139
1.199219 2.519531 1.369294 140 129 139
1.199219 2.558594 1.373780 139 129 136
1.193843 2.597656 1.378906 138 128 136
1.199219 2.622391 1.378906 138 129 136
1.199219 2.660156 1.385117 136 127 135
1.199219 2.699219 1.390895 137 128 136
1.207031 1.003906 1.160480 121 114 127
1.202154 1.042969 1.167969 119 113 124
1.206753 1.074219 1.167969 121 115 126
1.202739 1.121094 1.175781 123 117 130
1.199311 1.167969 1.183594 125 119 131
1.207031 1.199219 1.186205 127 120 133
1.206720 1.238281 1.191406 128 121 135
1.201364 1.277344 1.199219 130 122 136
1.207031 1.308594 1.201168 131 122 136
1.207031 1.347656 1.207152 133 124 139
1.206763 1.394531 1.214844 137 127 141
1.207031 1.433594 1.219332 138 128 143
1.207031 1.472656 1.225311 140 129 142
1.207031 1.511719 1.230220 143 131 144
1.204051 1.558594 1.238281 145 133 146
1.207031 1.597656 1.242191 147 134 147
1.207031 1.636719 1.248297 149 136 147
1.207031 1.675781 1.253680 150 137 148
1.201511 1.722656 1.261719 151 137 147
1.207031 1.753906 1.263154 152 138 147
1.207031 1.800176 1.269531 152 138 148
1.207031 1.839844 1.276500 153 139 147
1.203452 1.886719 1.285156 153 139 147
1.207031 1.925781 1.289712 154 139 148
1.207031 1.964844 1.294676 154 139 148
1.207031 2.003906 1.301362 153 140 145
1.204723 2.050781 1.308594 153 139 147
1.201170 2.097656 1.316406 151 138 143
1.207031 2.128906 1.317654 150 136 143
1.207031 2.175781 1.322690 149 136 142
1.199598 2.222656 1.332031 147 134 141
1.207031 2.253270 1.332031 147 134 140
1.201975 2.300781 1.339844 145 133 141
1.207031 2.324454 1.339844 145 132 140
1.201961 2.371094 1.347656 142 130 137
1.199231 2.410156 1.355469 141 130 136
1.207031 2.438865 1.355469 143 131 138
1.203339 2.488281 1.363281 141 130 139
1.207031 2.535156 1.367213 139 129 136
1.207031 2.566406 1.371038 140 129 138
1.207031 2.621094 1.377732 139 128 137
1.207031 2.660156 1.381520 138 129 134
1.205385 2.699219 1.386719 137 127 140
1.207031 2.722656 1.388001 132 122 139
1.214844 1.027344 1.157984 120 114 125
1.214844 1.074219 1.164675 122 115 128
1.214844 1.105469 1.167814 123 116 129
1.211865 1.144531 1.175781 125 118 131
1.214844 1.183594 1.180117 127 120 132
1.214844 1.222656 1.186163 128 121 133
1.214844 1.261719 1.191618 130 123 134
1.214844 1.308594 1.197869 132 124 136
1.214844 1.347656 1.203841 134 125 139
1.214844 1.386719 1.209777 137 127 140
1.214844 1.418916 1.214844 138 128 142
1.214844 1.464844 1.220907 141 129 144
1.214844 1.511719 1.227388 144 131 145
1.214844 1.550781 1.233161 146 133 145
1.214844 1.589844 1.237735 147 134 145
1.214844 1.628906 1.244028 150 136 148
1.214844 1.667969 1.248267 151 137 149
1.213820 1.707031 1.253906 151 138 148
1.214844 1.746094 1.258696 152 138 147
1.214844 1.777344 1.262443 152 138 147
1.214844 1.816406 1.267578 153 139 147
1.209798 1.855469 1.277344 153 139 147
1.214844 1.886719 1.279436 154 140 148
1.214844 1.919971 1.285156 155 140 148
1.210492 1.964844 1.292969 154 140 148
1.214844 2.003906 1.297588 154 140 146
1.214844 2.035156 1.302120 154 140 148
1.214844 2.074219 1.306538 154 139 146
1.208154 2.121094 1.316406 150 136 144
1.214844 2.152063 1.316406 150 137 145
1.209065 2.199219 1.324219 148 135 142
1.214844 2.230469 1.326062 148 135 144
1.214844 2.269531 1.330693 147 134 142
1.214844 2.316406 1.335260 145 132 140
1.214844 2.352116 1.339844 144 132 139
1.214844 2.394531 1.345334 142 131 139
1.207826 2.441406 1.355469 143 131 138
1.214844 2.467956 1.355469 143 131 142
1.209554 2.511719 1.363281 141 130 140
1.214844 2.550781 1.366816 141 130 139
1.214844 2.589844 1.369523 140 129 141
1.214844 2.636719 1.376985 139 129 140
1.214844 2.667969 1.379723 139 128 136
1.214844 2.714844 1.387973 137 127 135
1.222656 1.035156 1.155502 120 114 124
1.222656 1.066406 1.159653 121 115 127
1.222656 1.113281 1.165513 124 117 130
1.215958 1.160156 1.175781 126 119 133
1.222656 1.191406 1.177879 127 120 133
1.222656 1.229354 1.183594 129 122 134
1.222656 1.269531 1.188786 131 122 136
1.222656 1.308594 1.194329 132 124 136
1.222656 1.343164 1.199219 134 125 140
1.221479 1.386719 1.207031 137 127 141
1.222656 1.425781 1.212240 139 128 142
1.222656 1.464844 1.217533 141 130 144
1.222565 1.503906 1.222656 144 131 146
1.218532 1.542969 1.230469 145 132 146
1.222656 1.582031 1.233650 148 135 148
1.222656 1.615081 1.238281 149 136 147
1.222656 1.660156 1.244019 151 137 148
1.222656 1.699219 1.248723 152 138 149
1.222013 1.738281 1.253906 152 139 148
1.222656 1.777344 1.259408 153 139 148
1.222656 1.824219 1.265924 154 139 147
1.222656 1.863281 1.272661 155 140 148
1.222656 1.902344 1.278607 155 140 148
1.222656 1.941406 1.284421 155 140 148
1.222656 1.980469 1.291080 155 140 149
1.222656 2.019531 1.296108 155 141 147
1.222384 2.058594 1.300781 154 140 147
1.217098 2.097656 1.308594 152 138 145
1.222656 2.124815 1.308594 151 137 144
1.218749 2.167969 1.316406 150 136 144
1.222656 2.199219 1.318110 150 136 143
1.222656 2.238281 1.324214 149 135 142
1.222656 2.285156 1.328979 146 134 141
1.222656 2.316406 1.332489 145 133 140
1.222656 2.363281 1.338122 143 132 139
1.222656 2.402344 1.342969 143 131 139
1.222656 2.433594 1.347611 144 131 139
1.218791 2.480469 1.355469 143 131 140
1.222656 2.519531 1.360380 142 130 140
1.222656 2.550781 1.362919 140 130 137
1.220713 2.605469 1.371094 141 130 138
1.222656 2.644531 1.374430 140 129 139
1.222656 2.683594 1.375957 138 127 137
1.222656 2.714844 1.381773 140 131 138
1.230469 1.011719 1.147944 120 113 124
1.230469 1.058594 1.154524 122 115 127
1.230469 1.089967 1.160156 123 116 132
1.230469 1.136719 1.165692 125 118 131
1.230469 1.167969 1.169826 126 119 132
1.230469 1.207031 1.177145 128 120 134
1.230469 1.246094 1.182401 130 123 136
1.223677 1.292969 1.191406 132 123 138
1.230469 1.324219 1.193257 134 124 140
1.230469 1.363281 1.198916 136 125 141
1.230469 1.402344 1.205127 138 127 141
1.223520 1.449219 1.214844 141 129 143
1.230469 1.480469 1.216622 143 131 145
1.230469 1.524938 1.222656 146 133 146
1.230469 1.566406 1.227654 148 135 147
1.230469 1.605469 1.233701 149 136 148
1.230469 1.643947 1.238281 151 137 150
1.227737 1.691406 1.246094 152 138 149
1.230469 1.730469 1.249610 153 139 148
1.230469 1.766964 1.253906 153 139 148
1.226792 1.808594 1.261719 154 139 148
1.222780 1.847656 1.269531 154 140 147
1.230469 1.878906 1.271358 155 141 149
1.230469 1.917087 1.277344 155 141 148
1.230469 1.957031 1.282483 155 140 148
1.225012 2.003906 1.292969 155 141 148
1.230469 2.035156 1.294199 155 141 148
1.228218 2.082031 1.300781 154 139 146
1.230469 2.121094 1.304212 152 137 146
1.230469 2.152344 1.308424 151 137 144
1.226615 2.199219 1.316406 150 136 143
1.230469 2.238281 1.320878 149 135 142
1.230469 2.269531 1.323624 148 135 142
1.230469 2.316406 1.329090 146 134 142
1.230469 2.347656 1.333239 145 133 141
1.230469 2.394531 1.338222 144 132 139
1.226076 2.441406 1.347656 145 132 141
1.230469 2.472656 1.349319 143 132 140
1.230469 2.511719 1.355605 143 131 139
1.226772 2.566406 1.363281 142 130 140
1.230469 2.597656 1.365733 141 130 138
1.230469 2.636719 1.370563 140 128 141
1.230469 2.683594 1.373009 139 128 139
1.230469 2.714674 1.371094 141 129 146
1.238281 1.012030 1.144531 121 113 124
1.233371 1.050781 1.152344 122 115 128
1.238281 1.082031 1.155168 123 116 129
1.236566 1.121094 1.160156 125 118 133
1.233650 1.167969 1.167969 127 119 133
1.238281 1.199219 1.172057 128 120 136
1.238281 1.230469 1.177076 130 122 135
1.236701 1.277344 1.183594 132 123 138
1.238281 1.316406 1.188835 134 125 138
1.238281 1.355469 1.194214 136 125 140
1.238281 1.388288 1.199219 138 127 141
1.237117 1.433594 1.207031 141 129 144
1.238281 1.472656 1.211583 143 131 145
1.238281 1.511719 1.217126 145 132 146
1.238281 1.548032 1.222656 147 134 146
1.236141 1.597656 1.230469 149 136 147
1.238281 1.636719 1.234032 151 138 148
1.238281 1.667969 1.238915 152 138 150
1.238281 1.714844 1.244616 154 139 149
1.238281 1.761719 1.249954 154 140 147
1.238281 1.800781 1.256718 154 140 148
1.238281 1.839844 1.262500 155 140 150
1.236653 1.886719 1.269531 156 141 148
1.233143 1.925781 1.277344 156 141 147
1.238281 1.957031 1.278998 156 141 149
1.238224 1.996094 1.285156 157 142 148
1.232975 2.035156 1.292969 155 141 148
1.238281 2.066406 1.294444 155 141 148
1.235842 2.113281 1.300781 152 138 146
1.238281 2.152344 1.304695 152 137 144
1.238281 2.183594 1.308973 151 138 142
1.238007 2.230469 1.316406 150 136 144
1.230928 2.277344 1.324219 148 135 142
1.238281 2.304696 1.324219 147 134 141
1.234576 2.355469 1.332031 145 133 139
1.238281 2.386719 1.333431 144 132 139
1.238281 2.425781 1.340162 146 133 141
1.238281 2.472656 1.346022 144 132 142
1.238281 2.511719 1.351695 143 131 140
1.238281 2.542969 1.356533 142 130 138
1.236921 2.597656 1.363281 142 131 138
1.238281 2.644531 1.368588 140 128 141
1.238281 2.675781 1.369853 139 127 142
1.238281 2.714844 1.371000 136 133 139
1.246094 1.035156 1.143326 123 116 127
1.239839 1.074219 1.152344 123 116 128
1.246094 1.113281 1.155996 125 117 133
1.244624 1.152344 1.160156 126 119 132
1.246094 1.183594 1.164498 128 120 134
1.246094 1.222656 1.171796 130 121 136
1.246094 1.253906 1.176283 132 123 138
1.245295 1.300781 1.183594 134 124 140
1.246094 1.339844 1.188479 135 125 140
1.246094 1.378906 1.194089 138 127 142
1.246094 1.417969 1.200791 140 129 143
1.246094 1.457031 1.205475 142 130 142
1.246094 1.496094 1.212025 145 132 146
1.246094 1.535156 1.217051 147 134 147
1.246094 1.572735 1.222656 149 135 148
1.242837 1.621094 1.230469 151 137 149
1.246094 1.652344 1.232769 152 139 148
1.246094 1.690038 1.238281 154 140 149
1.241628 1.738281 1.246094 154 140 147
1.246094 1.769531 1.247407 155 140 148
1.245866 1.808594 1.253906 155 140 149
1.242269 1.847656 1.261719 155 141 149
1.246094 1.886719 1.265865 157 142 148
1.246094 1.917969 1.270299 157 142 149
1.244553 1.964844 1.277344 157 142 148
1.246094 2.003906 1.282421 157 142 150
1.246094 2.042969 1.287499 157 142 149
1.245484 2.082031 1.292969 155 140 148
1.240798 2.128906 1.300781 152 138 144
1.246094 2.160156 1.302742 152 138 145
1.246094 2.199219 1.307510 152 138 144
1.241469 2.246094 1.316406 150 136 144
1.246094 2.277344 1.317961 149 136 143
1.243351 2.324219 1.324219 146 134 142
1.246094 2.371094 1.328270 145 133 141
1.246094 2.402344 1.332412 145 133 141
1.246094 2.441406 1.338015 146 134 143
1.239999 2.488281 1.347656 144 132 141
1.246094 2.519531 1.349465 143 131 142
1.246094 2.558594 1.353776 143 131 142
1.239309 2.605469 1.363281 143 131 141
1.246094 2.634564 1.363281 142 130 145
1.246094 2.691406 1.366724 140 129 144
1.253906 1.035156 1.140055 123 116 127
1.253906 1.074219 1.145167 124 117 129
1.251955 1.113281 1.152344 125 118 132
1.253906 1.160156 1.156477 127 120 134
1.253906 1.199219 1.164317 129 121 135
1.253906 1.238281 1.171152 131 122 137
1.253906 1.271608 1.175781 133 124 137
1.253906 1.316406 1.181705 135 125 139
1.246909 1.363281 1.191406 137 126 141
1.253906 1.394531 1.192971 139 127 142
1.253517 1.433594 1.199219 142 130 143
1.253906 1.472656 1.203913 144 131 146
1.246897 1.519531 1.214844 146 133 146
1.253906 1.545543 1.214844 148 134 147
1.248964 1.589844 1.222656 150 136 148
1.253906 1.621094 1.224683 151 138 148
1.253906 1.660156 1.230874 154 139 150
1.251274 1.707031 1.238281 155 140 150
1.253906 1.738281 1.240285 155 140 150
1.253906 1.777344 1.245149 155 141 149
1.251535 1.824219 1.253906 156 141 150
1.247350 1.863281 1.261719 156 142 149
1.253906 1.894531 1.263167 157 142 150
1.253906 1.933594 1.268955 157 142 149
1.250972 1.980469 1.277344 157 142 149
1.253906 2.019531 1.280879 157 142 149
1.253906 2.050781 1.285688 157 142 147
1.253906 2.097656 1.290228 155 140 147
1.253906 2.136719 1.295918 153 139 147
1.253906 2.168187 1.300781 153 138 145
1.253906 2.214844 1.306618 151 137 144
1.253906 2.253906 1.311245 151 137 144
1.252287 2.292969 1.316406 149 136 143
1.253906 2.332031 1.320462 147 135 143
1.253906 2.363281 1.324449 146 133 141
1.253906 2.410156 1.330701 146 133 141
1.253906 2.457031 1.338148 147 134 143
1.253906 2.503906 1.343478 145 132 144
1.253906 2.535156 1.347655 144 132 145
1.249210 2.582031 1.355469 143 131 143
1.253906 2.613281 1.358529 142 131 140
1.253906 2.652344 1.364344 141 130 142
1.253906 2.677464 1.363281 139 130 138
1.260167 1.003906 1.136719 123 115 126
1.261719 1.035156 1.136501 124 116 129
1.255017 1.074219 1.144531 124 117 129
1.261719 1.105469 1.146903 126 118 132
1.260166 1.144531 1.152344 127 119 133
1.261719 1.183594 1.157601 129 121 133
1.261719 1.222656 1.164148 131 122 136
1.261719 1.261719 1.170310 133 124 139
1.261719 1.298191 1.175781 134 125 138
1.261719 1.339844 1.181623 136 126 141
1.261719 1.378906 1.187371 139 127 142
1.261719 1.410156 1.192105 141 129 144
1.259277 1.457031 1.199219 143 130 144
1.257382 1.496094 1.207031 145 132 146
1.261719 1.527344 1.208749 148 134 146
1.261719 1.566406 1.213926 150 136 150
1.255630 1.613281 1.222656 152 138 148
1.261719 1.644531 1.223979 153 139 150
1.260655 1.683594 1.230469 155 140 151
1.255972 1.730469 1.238281 155 141 150
1.261719 1.761719 1.239770 156 141 149
1.261719 1.800781 1.245328 156 141 149
1.259138 1.847656 1.253906 157 142 149
1.255761 1.886719 1.261719 158 142 150
1.261719 1.917969 1.263553 158 143 149
1.261719 1.957031 1.269887 158 143 149
1.261719 2.003906 1.275418 158 142 149
1.255049 2.050781 1.285156 157 142 148
1.261719 2.078107 1.285156 156 142 147
1.259287 2.128906 1.292969 154 139 146
1.255525 2.175781 1.300781 153 138 145
1.261719 2.207031 1.302289 152 138 146
1.261398 2.253906 1.308594 151 137 146
1.255416 2.300781 1.316406 149 135 142
1.261719 2.332031 1.317674 147 135 144
1.258450 2.378906 1.324219 146 133 142
1.261719 2.417969 1.329522 147 134 143
1.261719 2.457031 1.334889 146 133 145
1.259127 2.496094 1.339844 146 133 144
1.255570 2.542969 1.347656 144 132 143
1.261719 2.574219 1.348683 144 132 144
1.261719 2.621094 1.357087 143 132 142
1.261719 2.675781 1.361631 140 129 144
1.254181 2.707031 1.363281 140 127 138
1.269531 1.042969 1.133996 124 116 127
1.269531 1.074570 1.136719 124 118 128
1.269531 1.113281 1.143997 126 119 131
1.265109 1.160156 1.152344 128 120 135
1.262317 1.199219 1.160156 129 121 135
1.269531 1.230469 1.161876 132 122 137
1.269531 1.269018 1.167969 134 124 138
1.269531 1.308594 1.173630 136 125 140
1.269531 1.355469 1.180518 137 127 141
1.269531 1.394531 1.185879 141 128 143
1.269531 1.429108 1.191406 143 130 144
1.269531 1.472656 1.196951 145 132 147
1.263782 1.519531 1.207031 148 134 148
1.269531 1.550781 1.208051 150 136 148
1.267141 1.597656 1.214844 151 137 149
1.262504 1.636719 1.222656 153 139 149
1.269531 1.661040 1.222656 155 140 151
1.267211 1.707031 1.230469 156 141 151
1.269531 1.738281 1.233017 156 141 150
1.267957 1.777344 1.238281 157 141 150
1.266108 1.816406 1.246094 157 142 149
1.269531 1.855469 1.250561 158 143 150
1.269531 1.894531 1.256692 159 144 151
1.269531 1.928033 1.261719 159 144 151
1.265938 1.972656 1.269531 158 143 149
1.269531 2.011719 1.273592 159 143 150
1.269531 2.042969 1.277896 158 143 150
1.269531 2.089844 1.282936 156 141 148
1.269531 2.128906 1.288760 155 140 147
1.269531 2.160156 1.292660 154 139 146
1.264463 2.207031 1.300781 153 138 146
1.269531 2.238281 1.303057 152 138 146
1.269531 2.277344 1.307091 151 137 145
1.261848 2.324219 1.316406 148 135 144
1.269531 2.355469 1.317485 147 134 143
1.267237 2.402344 1.324219 146 134 142
1.269531 2.441406 1.329557 147 134 145
1.269531 2.480469 1.334015 146 133 143
1.269531 2.519531 1.338516 145 133 142
1.262424 2.566406 1.347656 144 132 143
1.269531 2.597656 1.349918 144 132 143
1.267187 2.636719 1.355469 143 131 139
1.269531 2.660453 1.355469 142 130 140
1.262620 2.699219 1.363281 143 131 135
1.277344 1.019531 1.129231 124 116 127
1.274099 1.082031 1.136719 125 118 130
1.269719 1.121094 1.144531 126 118 133
1.277344 1.152344 1.145955 129 121 133
1.277344 1.191406 1.152179 130 121 134
1.277344 1.230469 1.158428 132 123 137
1.277344 1.269531 1.164651 134 124 139
1.277344 1.308594 1.170302 136 125 141
1.277344 1.345523 1.175781 138 127 142
1.277344 1.386719 1.181015 140 128 143
1.277344 1.425781 1.186868 143 130 146
1.277344 1.457031 1.191486 145 132 146
1.274317 1.503906 1.199219 147 134 147
1.269592 1.542969 1.207031 149 135 147
1.277344 1.568474 1.207031 151 137 151
1.274926 1.621094 1.214844 154 139 151
1.270911 1.667969 1.222656 155 140 150
1.277344 1.699219 1.224829 157 142 153
1.276506 1.746094 1.230469 157 142 150
1.277344 1.785156 1.234723 158 142 151
1.277344 1.824219 1.241384 158 143 150
1.277344 1.855469 1.246441 159 143 151
1.277344 1.894531 1.252930 160 144 150
1.277344 1.933594 1.259267 160 144 152
1.277344 1.972656 1.264136 160 144 152
1.277344 2.007897 1.269531 159 143 151
1.277344 2.050781 1.274806 159 143 151
1.277344 2.089844 1.279178 157 142 148
1.277344 2.128906 1.284607 156 140 148
1.272330 2.175781 1.292969 154 140 146
1.277344 2.207031 1.294762 154 139 147
1.277344 2.246094 1.300126 153 139 146
1.277344 2.292969 1.305592 151 137 145
1.277344 2.332031 1.310826 149 136 145
1.275240 2.371094 1.316406 147 134 143
1.270222 2.410156 1.324219 146 134 142
1.277344 2.441406 1.325663 147 134 144
1.277344 2.480469 1.331216 147 134 144
1.277344 2.527344 1.337733 146 134 144
1.277344 2.566406 1.341949 145 133 144
1.277344 2.605469 1.346601 144 132 143
1.277344 2.660156 1.351627 143 130 142
1.277344 2.699219 1.362827 143 130 144
1.280011 1.035156 1.128906 124 116 128
1.285156 1.062854 1.128906 125 117 129
1.285156 1.105469 1.135733 126 119 132
1.285156 1.144531 1.141371 128 120 133
1.285156 1.183594 1.148362 130 121 136
1.285156 1.217512 1.152344 132 122 136
1.283400 1.261719 1.160156 134 124 139
1.280064 1.300781 1.167969 136 125 140
1.285156 1.332031 1.169900 138 126 141
1.283335 1.371094 1.175781 140 128 143
1.285156 1.410156 1.181421 143 130 145
1.277551 1.457031 1.191406 145 132 146
1.285156 1.484999 1.191406 147 133 148
1.285156 1.527344 1.198086 150 135 148
1.278966 1.574219 1.207031 151 137 150
1.285156 1.605469 1.208702 154 140 151
1.285156 1.644531 1.213374 156 141 151
1.279443 1.691406 1.222656 156 142 151
1.285156 1.718316 1.222656 158 142 152
1.285156 1.761719 1.229255 158 142 152
1.279656 1.808594 1.238281 158 143 151
1.285156 1.839844 1.239965 159 143 152
1.285156 1.878322 1.246094 160 144 151
1.285156 1.917969 1.251734 160 144 151
1.280609 1.964844 1.261719 159 144 151
1.285156 2.003906 1.265502 160 144 151
1.285156 2.035156 1.268759 159 144 152
1.279626 2.082031 1.277344 158 142 149
1.285156 2.110438 1.277344 157 142 148
1.283659 2.152344 1.285156 155 140 148
1.285156 2.191406 1.289162 155 140 149
1.285156 2.230469 1.295270 153 139 147
1.285156 2.269531 1.299309 152 138 145
1.278079 2.316406 1.308594 150 136 144
1.285156 2.345180 1.308594 149 136 144
1.281799 2.394531 1.316406 147 135 143
1.278339 2.433594 1.324219 148 135 144
1.285156 2.464844 1.326593 148 135 145
1.285156 2.507752 1.332031 146 134 143
1.280616 2.558594 1.339844 145 133 142
1.285156 2.597656 1.342949 144 132 141
1.281883 2.636719 1.347656 144 132 141
1.285112 2.667969 1.347656 142 133 143
1.285156 2.691406 1.353131 142 131 142
1.292969 1.027344 1.122503 123 115 131
1.292969 1.074219 1.128130 125 117 129
1.285842 1.121094 1.136719 127 119 131
1.292969 1.152344 1.139491 129 121 134
1.292969 1.191406 1.145779 131 121 135
1.292969 1.238280 1.152344 133 123 137
1.292969 1.277344 1.158493 136 125 140
1.286587 1.324219 1.167969 138 126 141
1.292969 1.355469 1.169754 139 127 143
1.292969 1.394531 1.175393 143 130 146
1.292969 1.433594 1.182081 144 131 145
1.292969 1.480469 1.187919 147 133 147
1.292969 1.519531 1.193450 150 135 149
1.292969 1.558594 1.199498 152 138 151
1.292969 1.605469 1.205792 154 139 152
1.292969 1.644531 1.210204 156 141 153
1.292969 1.681490 1.214844 158 142 154
1.289889 1.730469 1.222656 158 143 152
1.287015 1.777344 1.230469 158 143 152
1.292969 1.808594 1.231982 159 143 153
1.292969 1.847656 1.237333 160 144 153
1.292969 1.886719 1.244008 161 145 152
1.292969 1.925781 1.249174 161 145 152
1.292969 1.957031 1.254186 161 145 151
1.292969 1.996094 1.260251 161 145 153
1.285814 2.042969 1.269531 160 144 152
1.292785 2.074219 1.269531 159 144 151
1.292969 2.113281 1.274216 157 141 149
1.292969 2.152344 1.280652 156 141 149
1.292969 2.189568 1.285156 155 140 148
1.290352 2.230469 1.292969 154 140 147
1.292969 2.269531 1.295837 153 139 146
1.292634 2.308594 1.300781 151 138 146
1.292969 2.347656 1.305928 150 136 144
1.292969 2.378906 1.309000 148 135 143
1.292969 2.423391 1.316406 149 136 145
1.292969 2.464844 1.322268 148 135 144
1.292969 2.503906 1.327106 147 135 143
1.292969 2.535156 1.331501 146 133 144
1.287416 2.582031 1.339844 146 133 144
1.292969 2.608018 1.339844 146 133 144
1.292969 2.667969 1.344170 142 131 142
1.292329 2.699219 1.347656 140 132 155
1.297308 1.042969 1.121094 124 117 129
1.300781 1.082031 1.124863 127 118 133
1.300781 1.113281 1.128356 128 119 133
1.300781 1.152344 1.136634 130 121 134
1.300781 1.191406 1.142492 132 122 138
1.300781 1.230469 1.147607 134 123 138
1.300781 1.261719 1.152899 135 124 137
1.298177 1.308594 1.160156 138 126 142
1.300781 1.347656 1.164840 140 127 142
1.300781 1.386719 1.170257 143 129 146
1.300781 1.418594 1.175781 145 131 146
1.299364 1.464844 1.183594 147 133 148
1.300781 1.503906 1.187889 149 135 150
1.300781 1.535156 1.192132 151 137 151
1.300781 1.574219 1.198221 154 138 152
1.295995 1.628906 1.207031 156 140 152
1.300781 1.660156 1.208790 158 142 154
1.300781 1.699219 1.213395 159 143 153
1.300781 1.738281 1.218651 159 143 153
1.300781 1.769531 1.223096 159 143 152
1.298701 1.816406 1.230469 160 144 152
1.300781 1.855469 1.235717 161 145 154
1.300781 1.894531 1.241457 162 146 152
1.300781 1.925781 1.246321 162 146 153
1.297900 1.972656 1.253906 161 145 152
1.293467 2.011719 1.261719 160 145 151
1.300310 2.042969 1.261719 161 145 151
1.300781 2.082031 1.267421 159 144 149
1.300781 2.121094 1.272555 158 142 148
1.300781 2.155004 1.277344 156 141 148
1.300781 2.199219 1.282621 155 140 147
1.294468 2.246094 1.292969 154 140 148
1.300781 2.271549 1.292969 153 139 147
1.298415 2.324219 1.300781 151 137 146
1.300781 2.363281 1.303988 149 135 145
1.300781 2.394884 1.308594 148 136 145
1.299123 2.441406 1.316406 149 136 145
1.293831 2.488281 1.324219 147 134 145
1.300781 2.519531 1.325642 147 134 145
1.300781 2.558594 1.330260 147 134 144
1.300781 2.605469 1.336546 146 133 145
1.300781 2.636719 1.338196 145 133 146
1.300781 2.683594 1.341792 144 133 145
1.308594 1.035156 1.115777 124 116 132
1.308594 1.074219 1.120432 127 118 131
1.308594 1.121094 1.126285 129 120 134
1.308594 1.160156 1.132458 130 121 135
1.308594 1.199219 1.140002 132 122 137
1.308594 1.234956 1.144531 134 123 137
1.306445 1.277344 1.152344 136 125 140
1.308594 1.316406 1.157064 139 127 143
1.308594 1.355469 1.163100 141 128 144
1.308594 1.390027 1.167969 143 130 145
1.308594 1.433594 1.174913 146 132 147
1.303512 1.480469 1.183594 148 134 148
1.308594 1.511719 1.185204 150 136 150
1.308594 1.550781 1.191490 153 138 151
1.305671 1.597656 1.199219 155 140 152
1.308594 1.636719 1.202766 158 142 154
1.308594 1.675321 1.207031 159 143 154
1.304382 1.722656 1.214844 159 143 153
1.308594 1.746186 1.214844 160 144 154
1.308594 1.785156 1.221139 161 144 152
1.308594 1.824219 1.227255 161 145 152
1.308594 1.863281 1.233801 161 145 153
1.308594 1.894554 1.238281 162 146 150
1.304451 1.941406 1.246094 162 146 151
1.308594 1.980469 1.250182 162 146 153
1.308594 2.011719 1.254240 162 146 153
1.308594 2.058594 1.260574 161 145 151
1.301768 2.105469 1.269531 159 143 149
1.308594 2.136719 1.271868 158 143 150
1.308594 2.175781 1.276425 157 141 149
1.308594 2.214844 1.281332 156 141 149
1.308594 2.246094 1.286327 155 140 148
1.307045 2.292969 1.292969 153 139 146
1.303881 2.339844 1.300781 149 137 145
1.308594 2.371094 1.301440 149 137 144
1.308594 2.415507 1.308594 150 137 146
1.308594 2.457031 1.313841 149 137 145
1.308594 2.496094 1.318682 148 135 147
1.306635 2.535156 1.324219 147 134 145
1.301606 2.574219 1.332031 146 134 145
1.308594 2.598424 1.332031 147 134 149
1.308594 2.652344 1.337542 144 132 143
1.308594 2.691406 1.341818 143 132 147
1.316406 1.035156 1.113299 125 117 129
1.316406 1.074219 1.117567 126 118 130
1.316406 1.105469 1.120661 128 119 133
1.316406 1.144531 1.127849 130 121 135
1.311187 1.183594 1.136719 132 122 137
1.316406 1.222656 1.139551 134 123 140
1.316406 1.261719 1.145552 136 125 141
1.316406 1.300781 1.150902 139 126 142
1.316406 1.339844 1.157229 141 128 144
1.316406 1.378906 1.162703 143 129 146
1.316406 1.410513 1.167969 146 131 148
1.312889 1.457031 1.175781 148 134 148
1.316406 1.496094 1.179725 150 136 150
1.316406 1.527344 1.183739 152 137 151
1.316406 1.566406 1.190477 154 139 152
1.316406 1.613281 1.195625 157 141 155
1.316406 1.652344 1.200292 159 143 154
1.316406 1.691406 1.205033 160 144 153
1.316406 1.730469 1.209188 160 144 154
1.316406 1.769531 1.215407 161 144 153
1.315921 1.816406 1.222656 162 146 154
1.312290 1.855469 1.230469 162 146 154
1.316406 1.894531 1.234796 164 147 154
1.316406 1.933594 1.240160 163 147 152
1.316406 1.972656 1.245545 163 146 153
1.311501 2.019531 1.253906 162 146 151
1.316406 2.058594 1.256560 162 146 151
1.316406 2.094810 1.261719 161 145 152
1.316406 2.136719 1.268290 158 143 149
1.316406 2.183594 1.274000 158 142 150
1.316406 2.214844 1.278163 156 141 149
1.314263 2.261719 1.285156 155 140 148
1.316406 2.300781 1.289696 154 139 148
1.316406 2.339844 1.295319 119 115 121
1.316406 2.378906 1.299362 149 136 145
1.316406 2.417969 1.305815 150 137 147
1.316406 2.449219 1.309440 150 137 148
1.313443 2.496094 1.316406 149 136 146
1.316406 2.542969 1.320241 148 135 146
1.316406 2.574219 1.323931 147 134 150
1.316406 2.613281 1.331113 147 134 148
1.316406 2.660156 1.334919 143 131 144
1.315584 2.699219 1.339844 142 131 149
1.324219 1.050781 1.112540 127 118 130
1.324219 1.097656 1.116194 128 119 131
1.324219 1.136719 1.123468 131 121 135
1.324219 1.177412 1.128906 133 123 138
1.324219 1.214844 1.134440 135 124 138
1.324219 1.253906 1.140570 136 125 140
1.324219 1.285156 1.144947 138 126 141
1.324219 1.330272 1.152344 141 128 144
1.324219 1.371094 1.158201 143 129 146
1.324219 1.410156 1.163528 146 131 148
1.324219 1.441406 1.167876 148 133 149
1.324219 1.480469 1.173392 150 135 150
1.324219 1.519531 1.178297 152 137 151
1.324219 1.550781 1.183927 154 139 153
1.324219 1.589844 1.188524 157 141 154
1.324219 1.621094 1.192286 158 143 154
1.320168 1.660156 1.199219 159 143 154
1.324219 1.691406 1.200719 161 145 154
1.324219 1.730469 1.205493 161 144 154
1.324219 1.769531 1.211568 161 145 153
1.324219 1.808594 1.216711 162 145 153
1.324219 1.840992 1.222656 163 146 153
1.322943 1.886719 1.230469 164 148 153
1.317865 1.925781 1.238281 163 146 152
1.324219 1.957031 1.239558 163 147 152
1.324219 1.996094 1.244949 164 147 153
1.318082 2.042969 1.253906 163 146 152
1.324219 2.067092 1.253906 163 147 152
1.321279 2.113281 1.261719 160 144 150
1.317815 2.152344 1.269531 158 142 150
1.324219 2.177210 1.269531 158 143 150
1.324219 2.222656 1.275993 157 141 150
1.316581 2.269531 1.285156 154 140 148
1.324219 2.300781 1.286027 156 142 150
1.324219 2.339844 1.291345 113 114 122
1.324219 2.386719 1.297118 151 137 147
1.324219 2.417969 1.301706 152 138 148
1.321229 2.464844 1.308594 150 137 147
1.324219 2.503906 1.312641 149 135 149
1.324219 2.535156 1.315358 148 135 147
1.316748 2.582031 1.324219 147 134 146
1.324219 2.613281 1.327023 146 133 145
1.324219 2.651661 1.332031 146 134 145
1.324184 2.699219 1.332031 143 137 135
1.325459 1.066406 1.113281 127 118 130
1.330724 1.097656 1.113281 128 120 131
1.332031 1.128906 1.118120 131 121 136
1.332031 1.175781 1.124751 133 122 139
1.332031 1.207031 1.129411 134 123 137
1.332031 1.246094 1.135904 136 125 141
1.328033 1.292969 1.144531 139 126 142
1.332031 1.324219 1.147542 141 128 144
1.332031 1.355469 1.151938 142 129 146
1.329793 1.402344 1.160156 146 132 147
1.332031 1.441406 1.164710 148 134 148
1.332031 1.472656 1.168347 150 136 149
1.329421 1.519531 1.175781 153 138 152
1.332031 1.550781 1.179422 155 140 152
1.332031 1.582031 1.182945 157 142 154
1.327942 1.628906 1.191406 159 143 154
1.332031 1.660156 1.192981 160 144 154
1.332031 1.699219 1.198105 162 145 154
1.332031 1.746094 1.204863 162 145 153
1.325839 1.792969 1.214844 162 145 153
1.332031 1.816738 1.214844 163 147 154
1.330574 1.863281 1.222656 164 147 153
1.328780 1.902344 1.230469 164 147 153
1.332031 1.941406 1.233498 165 148 155
1.332031 1.972656 1.238101 164 147 152
1.332031 2.011719 1.243928 164 147 154
1.332031 2.050781 1.248337 164 147 154
1.332031 2.089844 1.253517 162 146 152
1.329275 2.136719 1.261719 160 144 150
1.332031 2.175781 1.266230 159 144 151
1.332031 2.207031 1.270842 158 142 150
1.331808 2.253906 1.277344 157 142 148
1.332031 2.292969 1.281363 155 142 151
1.332031 2.324219 1.285430 80 88 39
1.330362 2.371094 1.292969 150 137 146
1.326241 2.417969 1.300781 152 138 148
1.332031 2.449219 1.302929 151 138 147
1.332031 2.488281 1.307444 150 137 149
1.332031 2.535156 1.311750 149 135 149
1.330880 2.574219 1.316406 147 135 145
1.328715 2.613281 1.324219 147 135 144
1.324437 2.652344 1.332031 146 134 145
1.327899 2.683594 1.332031 145 132 148
1.339844 1.050781 1.103962 127 119 131
1.339844 1.089844 1.108072 129 119 133
1.339844 1.128906 1.114741 131 121 135
1.338235 1.167969 1.121094 133 122 138
1.333240 1.207031 1.128906 134 123 137
1.339844 1.246094 1.132206 137 125 141
1.339844 1.277344 1.136719 138 126 142
1.339844 1.324219 1.144027 141 128 144
1.337061 1.371094 1.152344 144 130 146
1.332577 1.417969 1.160156 147 132 148
1.339844 1.449219 1.162303 149 135 149
1.339844 1.488281 1.167194 151 136 150
1.339844 1.535156 1.172687 154 139 152
1.339844 1.574219 1.178378 157 141 154
1.339844 1.610770 1.183594 159 143 154
1.335407 1.660156 1.191406 160 144 155
1.339844 1.699219 1.193949 162 146 156
1.339844 1.730469 1.198646 162 145 154
1.339844 1.769531 1.204369 162 146 154
1.339844 1.808594 1.210325 163 147 154
1.339844 1.847656 1.215579 164 148 155
1.339844 1.886719 1.222229 165 148 154
1.339844 1.925781 1.227344 165 148 154
1.339844 1.964844 1.233161 165 148 153
1.339844 2.001493 1.238281 165 147 155
1.339844 2.042969 1.244454 165 147 155
1.339844 2.089844 1.249490 163 146 152
1.339844 2.121094 1.254754 161 145 152
1.339844 2.167662 1.261719 161 145 152
1.337294 2.214844 1.269531 158 143 151
1.334033 2.261719 1.277344 157 142 150
1.339844 2.290141 1.277344 125 119 101
1.339844 2.332031 1.282869 79 89 48
1.332672 2.378906 1.292969 151 137 148
1.339844 2.408251 1.292969 152 139 148
1.339844 2.449219 1.299510 151 138 148
1.339844 2.496094 1.304611 150 136 148
1.339844 2.527344 1.307250 149 136 147
1.339844 2.574219 1.313183 149 137 146
1.339844 2.613281 1.318725 149 136 151
1.338623 2.652344 1.324219 147 134 149
1.339844 2.683594 1.324023 144 132 153
1.340788 1.074219 1.105469 128 119 129
1.347656 1.105469 1.107045 130 120 137
1.347656 1.144531 1.113055 132 122 135
1.345987 1.191406 1.121094 134 123 138
1.343691 1.230469 1.128906 136 124 139
1.347656 1.261719 1.131409 138 126 141
1.347656 1.295943 1.136719 140 127 143
1.347656 1.339844 1.143281 143 129 145
1.341735 1.386719 1.152344 145 131 146
1.347656 1.417969 1.154194 148 133 148
1.347656 1.457031 1.159103 150 135 150
1.342479 1.503906 1.167969 153 137 151
1.347656 1.535156 1.169482 155 139 153
1.347656 1.574219 1.174945 157 141 154
1.342780 1.621094 1.183594 160 144 155
1.347656 1.652344 1.185442 162 145 155
1.347656 1.691406 1.190206 163 146 157
1.347656 1.738281 1.196101 163 146 155
1.347656 1.777344 1.201622 164 147 155
1.347656 1.815465 1.207031 165 148 156
1.343661 1.855469 1.214844 165 148 155
1.341357 1.894531 1.222656 165 148 154
1.347656 1.925781 1.223975 166 149 154
1.347656 1.964844 1.228895 166 149 155
1.347656 2.003906 1.235052 166 149 154
1.347656 2.035156 1.239663 166 148 154
1.347656 2.074219 1.243957 164 148 154
1.347656 2.113281 1.249207 162 146 152
1.347656 2.144531 1.253671 161 146 151
1.345056 2.183594 1.261719 160 144 152
1.340083 2.222656 1.269531 158 143 151
1.347656 2.249787 1.269531 158 143 150
1.342963 2.300781 1.277344 91 97 46
1.347656 2.339844 1.280463 107 110 103
1.347656 2.371094 1.283587 152 139 147
1.347656 2.410156 1.290041 153 139 149
1.347656 2.457031 1.297275 152 139 148
1.347656 2.488281 1.299818 151 138 148
1.347656 2.535156 1.305150 149 137 146
1.347656 2.574219 1.310834 150 137 149
1.347656 2.613281 1.314396 148 135 148
1.347032 2.644531 1.316406 148 134 147
1.341678 2.675781 1.324219 147 134 150
1.355469 1.042969 1.095966 127 118 128
1.355469 1.074219 1.098645 129 120 131
1.355469 1.113281 1.104656 131 120 136
1.353355 1.160156 1.113281 133 122 136
1.355469 1.199219 1.117856 135 124 139
1.355469 1.238281 1.125017 137 125 140
1.355469 1.277344 1.129608 139 126 143
1.355469 1.316406 1.136549 142 128 144
1.355469 1.355469 1.141821 144 130 147
1.355469 1.394531 1.147380 147 132 147
1.355469 1.431907 1.152344 150 135 150
1.355469 1.472656 1.157861 152 137 151
1.355469 1.511719 1.163164 155 139 152
1.355469 1.546618 1.167969 157 141 154
1.355469 1.589844 1.174390 159 143 155
1.355469 1.636719 1.180428 162 145 156
1.355469 1.667969 1.184710 163 146 156
1.352161 1.714844 1.191406 163 147 156
1.355469 1.753906 1.194703 164 147 155
1.355469 1.785156 1.199128 165 147 156
1.355469 1.824219 1.204299 166 148 156
1.355469 1.863281 1.210158 166 149 156
1.355469 1.894531 1.214806 167 149 155
1.352421 1.933594 1.222656 167 150 154
1.355469 1.972656 1.226315 167 149 156
1.355469 2.003906 1.231008 167 149 154
1.355091 2.050781 1.238281 166 149 156
1.350513 2.097656 1.246094 164 147 153
1.355469 2.128906 1.247398 163 146 153
1.355469 2.167969 1.253619 162 146 153
1.355469 2.207031 1.259598 159 144 150
1.348772 2.253906 1.269531 157 142 148
1.355469 2.283679 1.269531 91 99 44
1.355469 2.324219 1.275193 93 97 47
1.355469 2.363281 1.278473 153 139 149
1.355469 2.402344 1.284224 153 139 149
1.352185 2.441406 1.292969 153 139 149
1.355469 2.480469 1.295684 152 138 150
1.355469 2.519531 1.300347 151 138 148
1.350374 2.566406 1.308594 149 136 151
1.355469 2.597656 1.309332 147 134 149
1.350397 2.652344 1.316406 146 134 147
1.352701 2.683594 1.316406 145 135 147
1.363281 1.066406 1.096340 129 120 131
1.363281 1.113281 1.102262 131 120 134
1.363281 1.160156 1.109280 134 123 137
1.363281 1.191406 1.113662 135 123 137
1.363281 1.235383 1.121094 138 125 141
1.363281 1.277344 1.127788 140 127 143
1.357297 1.324219 1.136719 143 129 143
1.363281 1.355469 1.137931 144 130 146
1.363281 1.394531 1.143758 147 133 147
1.359336 1.441406 1.152344 151 136 150
1.363281 1.488281 1.156971 154 138 151
1.363281 1.519531 1.160622 155 139 152
1.362606 1.566406 1.167969 159 142 156
1.363281 1.605469 1.172075 161 144 156
1.363281 1.636719 1.176629 162 146 157
1.360519 1.683594 1.183594 164 147 157
1.363281 1.722656 1.187077 165 147 157
1.363281 1.753906 1.190699 165 148 156
1.359815 1.800781 1.199219 166 148 156
1.363281 1.839844 1.203028 167 150 156
1.363281 1.871094 1.206844 167 150 155
1.363281 1.910156 1.212904 168 150 156
1.363281 1.949219 1.218764 168 150 155
1.363281 1.980469 1.224089 167 150 154
1.363281 2.019531 1.229571 167 150 155
1.358335 2.066406 1.238281 166 148 154
1.363281 2.097656 1.240474 165 148 153
1.363281 2.136719 1.244520 162 146 151
1.363281 2.175781 1.250301 163 146 153
1.363281 2.207031 1.254420 161 145 151
1.361503 2.246094 1.261719 139 129 120
1.356260 2.285156 1.269531 92 100 46
1.363281 2.314460 1.269531 150 138 128
1.363281 2.355469 1.274156 154 140 151
1.363281 2.394531 1.280303 154 140 149
1.363281 2.426254 1.285156 154 140 150
1.360663 2.472656 1.292969 152 139 149
1.363281 2.511719 1.296202 151 138 147
1.363281 2.548348 1.300781 151 138 149
1.357472 2.597656 1.308594 147 134 150
1.363281 2.627510 1.308594 148 135 147
1.363281 2.652344 1.307055 147 135 147
1.371094 1.042969 1.092506 128 119 134
1.371094 1.089844 1.096562 130 120 132
1.371094 1.128906 1.102310 133 121 137
1.371094 1.160156 1.105900 134 123 136
1.370197 1.207031 1.113281 137 124 140
1.367127 1.246094 1.121094 138 125 141
1.371094 1.285156 1.125306 141 127 143
1.371094 1.316406 1.128941 143 129 145
1.367711 1.363281 1.136719 145 131 146
1.364174 1.402344 1.144531 148 133 149
1.371094 1.433594 1.146374 150 135 150
1.368134 1.472656 1.152344 153 138 153
1.371094 1.511719 1.155924 156 140 154
1.371094 1.542969 1.160584 158 141 155
1.367321 1.589844 1.167969 160 144 156
1.371094 1.628906 1.172049 163 146 157
1.371094 1.660156 1.175261 164 147 158
1.367506 1.707031 1.183594 165 148 157
1.371094 1.738281 1.185172 165 148 155
1.371094 1.777344 1.190222 167 149 156
1.371094 1.816406 1.196648 167 150 156
1.371094 1.847656 1.200545 168 150 156
1.371094 1.890260 1.207031 169 151 155
1.371094 1.933594 1.213331 169 151 155
1.366246 1.980469 1.222656 168 150 155
1.371094 2.011719 1.224506 168 150 155
1.369092 2.050781 1.230469 167 150 155
1.365501 2.089844 1.238281 166 149 153
1.371094 2.116094 1.238281 165 148 153
1.371094 2.160156 1.244172 164 148 153
1.364611 2.207031 1.253906 161 145 152
1.371094 2.238281 1.255416 108 106 70
1.371094 2.277344 1.260898 111 114 70
1.366852 2.324219 1.269531 93 97 51
1.371094 2.363281 1.271929 155 140 150
1.371094 2.398597 1.277344 154 140 150
1.371094 2.441406 1.283710 154 139 151
1.371094 2.488281 1.289216 152 138 151
1.371094 2.519531 1.293508 151 137 151
1.368650 2.566406 1.300781 150 136 150
1.371094 2.597656 1.302233 150 137 150
1.371094 2.652344 1.305686 149 137 149
1.372200 1.035156 1.089844 127 120 131
1.378906 1.066406 1.089032 130 120 130
1.373762 1.113281 1.097656 131 121 134
1.378906 1.152344 1.101849 134 122 138
1.378906 1.191406 1.108648 136 124 137
1.378906 1.230469 1.113235 138 126 141
1.378906 1.269531 1.119387 141 127 143
1.371161 1.316406 1.128906 143 129 145
1.378851 1.347656 1.128906 145 131 145
1.375407 1.386719 1.136719 147 132 148
1.372140 1.425781 1.144531 150 135 150
1.378906 1.452750 1.144531 152 137 151
1.378906 1.496094 1.149231 155 139 154
1.378906 1.535156 1.155098 158 141 155
1.378906 1.566406 1.159364 159 143 156
1.374789 1.613281 1.167969 162 146 157
1.378906 1.652344 1.170818 165 147 158
1.378906 1.691307 1.175781 166 149 156
1.374375 1.738281 1.183594 166 149 155
1.378906 1.777344 1.186752 167 150 154
1.378906 1.809180 1.191406 168 150 157
1.378906 1.855469 1.198213 168 150 156
1.378906 1.894531 1.204407 170 152 157
1.378906 1.933594 1.210151 170 151 157
1.378906 1.966720 1.214844 169 151 156
1.378906 2.011719 1.220935 169 151 157
1.378906 2.058594 1.227052 168 150 155
1.378906 2.089844 1.230660 168 151 154
1.375966 2.136719 1.238281 165 147 153
1.371330 2.175781 1.246094 164 147 153
1.378906 2.207031 1.248183 164 149 155
1.378906 2.246094 1.252499 95 103 52
1.378906 2.285156 1.258258 159 145 154
1.378906 2.324219 1.263830 96 99 54
1.376882 2.363281 1.269531 155 140 150
1.378906 2.402344 1.273658 155 141 151
1.378906 2.441406 1.280211 154 140 151
1.378906 2.472656 1.282711 154 140 150
1.372055 2.519531 1.292969 151 137 151
1.378906 2.550428 1.292969 151 138 149
1.374613 2.597656 1.300781 150 138 149
1.378906 2.636719 1.302722 149 137 148
1.371534 2.675781 1.308594 148 138 143
1.386719 1.066406 1.084203 132 121 131
1.386719 1.097656 1.090226 131 121 133
1.386185 1.144531 1.097656 134 122 137
1.386719 1.175781 1.101312 136 124 138
1.386719 1.222656 1.108456 138 125 141
1.386719 1.257308 1.113281 141 127 143
1.384332 1.300781 1.121094 143 129 145
1.386719 1.339844 1.124133 145 131 145
1.386719 1.372742 1.128906 147 132 148
1.385574 1.417969 1.136719 150 135 150
1.386719 1.457031 1.140365 153 137 150
1.386719 1.488281 1.144315 155 139 153
1.386719 1.527344 1.150371 158 142 154
1.386719 1.566406 1.154313 160 144 155
1.386719 1.597656 1.160077 162 145 157
1.386719 1.636719 1.164762 164 147 158
1.386719 1.667969 1.167754 166 149 158
1.384118 1.707031 1.175781 166 149 158
1.386719 1.746094 1.178429 168 150 157
1.386719 1.777344 1.183015 168 150 157
1.385976 1.824219 1.191406 169 151 158
1.380905 1.871094 1.199219 169 151 156
1.386719 1.910156 1.203387 171 152 157
1.386719 1.941406 1.207338 171 152 158
1.384768 1.988281 1.214844 170 151 157
1.386719 2.027344 1.219129 170 152 156
1.386719 2.058594 1.222996 169 151 156
1.384380 2.105469 1.230469 167 149 155
1.381026 2.152344 1.238281 164 148 153
1.386719 2.183594 1.240830 165 149 156
1.386719 2.218612 1.246094 94 100 38
1.383376 2.269531 1.253906 149 140 135
1.379064 2.308594 1.261719 159 144 152
1.386634 2.339844 1.261719 92 98 84
1.381212 2.378906 1.269531 154 140 151
1.386719 2.410156 1.271231 156 142 153
1.386188 2.449219 1.277344 155 141 152
1.386719 2.488281 1.281685 153 139 150
1.386719 2.519531 1.285213 152 139 150
1.385302 2.566406 1.292969 151 138 151
1.379557 2.613281 1.300781 150 137 151
1.386719 2.644531 1.302722 149 136 145
1.386719 2.683594 1.304844 148 137 149
1.394531 1.058594 1.077423 131 120 133
1.387466 1.097656 1.089844 132 121 133
1.394531 1.126256 1.089844 133 121 138
1.394531 1.167969 1.097623 135 123 137
1.389700 1.207031 1.105469 138 125 140
1.394531 1.238281 1.107045 140 127 142
1.394531 1.277344 1.112330 142 128 144
1.389625 1.324219 1.121094 145 130 147
1.394531 1.355469 1.122842 147 132 146
1.394531 1.394531 1.129355 149 134 149
1.390821 1.441406 1.136719 152 137 151
1.394531 1.472656 1.138736 154 138 152
1.394531 1.511719 1.144203 157 141 155
1.389755 1.558594 1.152344 160 143 155
1.394531 1.589844 1.154721 163 146 158
1.393162 1.628906 1.160156 165 148 158
1.389690 1.675781 1.167969 167 149 159
1.394531 1.707031 1.170242 167 149 158
1.391632 1.746094 1.175781 168 150 157
1.394531 1.785156 1.180025 169 151 158
1.394531 1.824219 1.186610 170 151 156
1.394531 1.855469 1.191350 171 152 158
1.394531 1.894531 1.196401 171 152 156
1.394531 1.933594 1.203060 171 152 156
1.394531 1.964844 1.207441 171 152 158
1.392213 2.011719 1.214844 170 152 157
1.394531 2.050781 1.218594 170 152 157
1.394531 2.082031 1.222441 169 150 156
1.394531 2.121094 1.227728 166 148 155
1.394531 2.160156 1.233697 166 148 154
1.394531 2.199219 1.239902 97 100 42
1.394531 2.238281 1.245636 135 134 101
1.394531 2.285156 1.251747 160 144 153
1.394531 2.324219 1.256742 101 102 57
1.394531 2.363281 1.261121 156 142 150
1.394531 2.402344 1.266317 156 142 151
1.394531 2.449219 1.274153 155 142 152
1.394531 2.488281 1.279509 153 140 151
1.394531 2.535050 1.285156 152 138 149
1.389068 2.582031 1.292969 151 138 150
1.394531 2.613281 1.294221 151 138 150
1.394531 2.652344 1.302021 149 136 153
1.402344 1.057721 1.074219 130 119 132
1.402344 1.089844 1.080545 132 121 133
1.396911 1.136719 1.089844 134 122 137
1.402344 1.175781 1.095094 137 124 139
1.402344 1.207031 1.097869 138 125 140
1.402344 1.246094 1.103822 140 127 141
1.402344 1.285156 1.110248 143 129 146
1.402344 1.324219 1.115540 146 131 146
1.402344 1.363281 1.121048 148 132 148
1.402344 1.402344 1.127029 150 135 149
1.402344 1.441406 1.131270 153 137 151
1.402344 1.480469 1.137022 156 139 152
1.402344 1.527344 1.143023 159 143 156
1.402344 1.566406 1.147378 162 145 157
1.402344 1.600190 1.152344 164 147 159
1.402344 1.644531 1.157781 166 149 158
1.402344 1.683594 1.163343 168 150 159
1.402344 1.722140 1.167969 169 150 159
1.402344 1.761719 1.173981 170 151 160
1.402344 1.800781 1.178714 171 152 158
1.402344 1.832031 1.184104 172 152 159
1.400002 1.878906 1.191406 172 152 158
1.396357 1.917969 1.199219 172 152 158
1.402344 1.957031 1.202384 172 152 158
1.402344 1.988281 1.206461 171 152 158
1.397710 2.035156 1.214844 170 152 156
1.402344 2.066406 1.216627 171 152 157
1.402344 2.105469 1.222654 169 151 155
1.399118 2.152344 1.230469 167 149 155
1.396120 2.191406 1.238281 118 114 84
1.402344 2.222656 1.239830 131 130 94
1.402344 2.261719 1.245245 162 146 154
1.402344 2.308594 1.251200 159 144 152
1.402344 2.347656 1.255861 143 139 148
1.402344 2.393970 1.261719 156 142 152
1.401617 2.433594 1.269531 156 142 152
1.402344 2.472656 1.274017 155 141 153
1.402344 2.503906 1.277656 154 140 151
1.398798 2.550781 1.285156 153 139 151
1.402344 2.589844 1.287494 152 139 154
1.400903 2.628906 1.292969 151 139 151
1.402344 2.660156 1.296673 148 137 146
1.410156 1.050781 1.071360 131 119 137
1.410156 1.089844 1.076568 133 121 133
1.410156 1.121094 1.082754 133 123 135
1.410156 1.160156 1.089294 136 124 137
1.410156 1.207031 1.094471 138 125 140
1.410156 1.246094 1.101023 141 127 142
1.410156 1.280096 1.105469 143 129 144
1.407485 1.324219 1.113281 146 131 146
1.405458 1.371094 1.121094 149 133 149
1.410156 1.410156 1.124255 151 136 151
1.410156 1.446124 1.128906 154 138 151
1.410156 1.488281 1.134440 157 140 155
1.410156 1.527344 1.139965 159 143 155
1.410156 1.566406 1.144294 163 146 156
1.406428 1.613281 1.152344 165 148 159
1.410156 1.652344 1.155649 168 150 161
1.410156 1.689221 1.160156 170 151 160
1.410156 1.730469 1.164963 170 151 160
1.410156 1.769531 1.171062 171 152 160
1.409980 1.808594 1.175781 172 152 160
1.410156 1.839844 1.180794 173 153 159
1.410156 1.878906 1.186247 173 153 159
1.410156 1.917969 1.192748 173 153 158
1.407783 1.957031 1.199219 173 153 158
1.404687 1.996094 1.207031 172 152 158
1.410156 2.027344 1.208056 172 153 157
1.408323 2.074219 1.214844 171 152 158
1.410156 2.113281 1.219402 169 151 157
1.410156 2.144531 1.223441 169 152 156
1.410156 2.183594 1.229622 98 106 50
1.410156 2.222656 1.235847 165 151 160
1.402664 2.269531 1.246094 161 145 153
1.410156 2.296124 1.246094 160 144 154
1.410156 2.339844 1.250740 91 99 73
1.410156 2.371094 1.254499 156 142 152
1.410156 2.410156 1.262195 158 143 153
1.407191 2.457031 1.269531 155 141 152
1.402964 2.503906 1.277344 154 140 151
1.410156 2.530556 1.277344 153 140 150
1.410156 2.574219 1.282459 152 139 153
1.410156 2.613281 1.286735 152 139 154
1.410156 2.652344 1.291558 150 139 150
1.410156 2.682585 1.292969 149 136 152
1.417969 1.082031 1.073406 133 121 133
1.415088 1.128906 1.082031 134 122 137
1.417969 1.167969 1.086213 137 125 140
1.417969 1.199219 1.090554 139 126 139
1.417318 1.246094 1.097656 142 128 141
1.417969 1.285156 1.102582 144 130 143
1.410321 1.332031 1.113281 147 131 147
1.417969 1.359019 1.113281 149 133 148
1.414714 1.402344 1.121094 151 136 150
1.417969 1.441406 1.125530 154 138 153
1.417969 1.472656 1.129079 157 140 155
1.417969 1.519531 1.135294 160 143 156
1.417969 1.566406 1.141286 163 146 158
1.417969 1.605469 1.146370 166 148 159
1.417969 1.644531 1.151371 168 150 160
1.417969 1.691406 1.157072 171 152 161
1.417969 1.730469 1.161409 171 152 161
1.417969 1.769531 1.167091 172 152 161
1.417969 1.816406 1.173320 172 152 159
1.411707 1.863281 1.183594 173 153 159
1.417969 1.894531 1.185430 174 154 159
1.416695 1.933594 1.191406 174 154 160
1.417969 1.972656 1.197058 174 154 158
1.417969 2.011719 1.203237 173 154 158
1.417969 2.042969 1.206678 172 153 157
1.412852 2.089844 1.214844 170 152 157
1.417969 2.121094 1.216383 169 151 157
1.417969 2.160156 1.221247 87 92 27
1.417969 2.199219 1.228301 152 145 128
1.417969 2.238281 1.233822 164 147 154
1.417969 2.269531 1.238268 162 146 154
1.417969 2.308594 1.244446 161 146 153
1.417969 2.355469 1.248670 158 145 156
1.417969 2.391021 1.253906 157 143 152
1.417969 2.425781 1.260072 157 143 152
1.417969 2.464844 1.264852 156 142 151
1.417969 2.496094 1.269362 155 140 155
1.414186 2.542969 1.277344 153 140 153
1.417969 2.582031 1.280485 153 140 152
1.415713 2.621094 1.285156 151 139 150
1.417969 2.644531 1.284026 151 137 157
1.421748 1.050781 1.066406 131 121 128
1.425781 1.089844 1.071278 134 123 135
1.425781 1.121094 1.074940 135 124 138
1.425781 1.160156 1.082485 137 124 140
1.425781 1.207031 1.089190 140 127 139
1.425781 1.253906 1.095507 143 128 143
1.418292 1.300781 1.105469 145 130 146
1.425781 1.332031 1.106199 147 132 147
1.423978 1.378906 1.113281 150 134 150
1.425781 1.417969 1.118006 153 137 152
1.425781 1.457031 1.124063 156 139 153
1.425117 1.496094 1.128906 159 142 155
1.425781 1.535156 1.133185 162 144 157
1.425781 1.566406 1.137850 164 146 158
1.425781 1.605469 1.142875 166 149 157
1.418563 1.652344 1.152344 169 150 160
1.425781 1.683160 1.152344 171 152 160
1.425781 1.722656 1.157164 171 152 160
1.425781 1.761719 1.162299 172 153 160
1.424738 1.800781 1.167969 173 153 158
1.420840 1.839844 1.175781 174 154 160
1.425781 1.878906 1.179967 175 154 160
1.425781 1.910156 1.184842 175 155 159
1.424575 1.957031 1.191406 175 154 160
1.425781 1.996094 1.196462 174 154 159
1.425781 2.035156 1.201929 173 153 158
1.425009 2.074219 1.207031 172 153 159
1.425781 2.113281 1.212268 172 153 157
1.425781 2.152344 1.217145 88 96 34
1.425781 2.186266 1.222656 156 149 133
1.422413 2.230469 1.230469 165 148 155
1.425781 2.269531 1.234898 163 147 154
1.425781 2.308594 1.240687 161 146 153
1.422720 2.347656 1.246094 135 133 140
1.425781 2.386719 1.249774 158 143 153
1.425781 2.425781 1.256019 159 144 154
1.424145 2.464844 1.261719 157 142 154
1.425781 2.503906 1.266249 154 140 151
1.425781 2.542969 1.272258 154 140 153
1.424542 2.582031 1.277344 153 140 152
1.418491 2.628906 1.285156 153 140 152
1.419460 2.667969 1.285156 151 138 157
1.433594 1.082031 1.067329 134 122 134
1.433594 1.128906 1.072859 135 123 136
1.427462 1.167969 1.082031 137 124 140
1.433594 1.199219 1.084507 140 127 140
1.433594 1.236978 1.089844 142 127 143
1.433594 1.277344 1.095509 144 129 145
1.433594 1.316406 1.100323 148 132 146
1.433594 1.347656 1.104223 149 134 149
1.433594 1.386719 1.109703 151 135 150
1.433594 1.425781 1.115786 154 138 152
1.432952 1.464844 1.121094 157 140 154
1.433594 1.503906 1.125578 160 143 155
1.433594 1.535156 1.129458 162 145 156
1.432418 1.582031 1.136719 165 147 159
1.433594 1.621094 1.141361 169 150 160
1.433594 1.652344 1.145141 170 151 161
1.431937 1.699219 1.152344 172 152 161
1.425855 1.746094 1.160156 172 153 159
1.433594 1.772468 1.160156 173 153 161
1.433594 1.816406 1.166734 174 154 160
1.431056 1.863281 1.175781 175 155 159
1.433594 1.902344 1.180039 176 155 159
1.433594 1.933594 1.183670 175 155 160
1.431641 1.980469 1.191406 175 155 158
1.427099 2.019531 1.199219 174 154 158
1.432558 2.050781 1.199219 174 154 158
1.428996 2.089844 1.207031 172 153 156
1.433594 2.128906 1.210462 102 106 40
1.433594 2.160156 1.214826 89 98 45
1.433594 2.199219 1.221010 168 150 155
1.426812 2.246094 1.230469 164 148 156
1.433594 2.277344 1.232161 163 147 155
1.432704 2.316406 1.238281 163 149 152
1.426678 2.363281 1.246094 159 144 154
1.433594 2.394531 1.247349 159 144 154
1.432228 2.433594 1.253906 159 144 153
1.433594 2.472656 1.259056 157 142 154
1.433594 2.503906 1.262283 155 141 152
1.433594 2.542969 1.267943 155 141 153
1.427320 2.589844 1.277344 153 140 151
1.433594 2.621094 1.278198 153 139 151
1.433594 2.675781 1.285602 150 136 153
1.435797 1.089844 1.066406 133 122 134
1.441406 1.121094 1.068575 135 123 137
1.441406 1.152731 1.074219 137 124 140
1.441406 1.199219 1.080783 140 126 141
1.436206 1.246094 1.089844 143 128 144
1.441406 1.277344 1.092133 145 130 144
1.441406 1.316406 1.096216 148 133 145
1.441406 1.363281 1.102323 151 135 148
1.441406 1.402344 1.108106 153 137 151
1.441406 1.433594 1.112985 156 139 153
1.436095 1.480469 1.121094 159 141 156
1.441406 1.511719 1.122031 161 144 156
1.441406 1.550781 1.128065 164 146 159
1.441406 1.589844 1.134107 167 148 160
1.441406 1.621094 1.137193 169 150 159
1.439340 1.667969 1.144531 172 152 161
1.441406 1.707031 1.149213 173 153 161
1.441406 1.738281 1.152978 173 153 159
1.441406 1.785156 1.159110 175 154 160
1.441406 1.824219 1.164355 176 155 159
1.441406 1.863281 1.170169 176 155 160
1.441072 1.902344 1.175781 176 155 160
1.436759 1.941406 1.183594 176 156 161
1.441406 1.972656 1.185661 176 156 159
1.441406 2.011719 1.190752 175 155 160
1.435325 2.058594 1.199219 174 154 158
1.441406 2.089844 1.200734 175 157 161
1.440162 2.128906 1.207031 103 109 52
1.441406 2.167969 1.213028 141 136 130
1.434161 2.214844 1.222656 167 149 155
1.441406 2.238683 1.222656 166 150 156
1.440067 2.285156 1.230469 164 148 155
1.441406 2.324219 1.235048 129 124 89
1.441406 2.355469 1.238640 159 147 159
1.440108 2.402344 1.246094 160 145 154
1.441406 2.441406 1.250423 159 144 154
1.441406 2.472656 1.254958 158 143 156
1.439439 2.519531 1.261719 156 142 153
1.435043 2.558594 1.269531 154 140 154
1.441406 2.589844 1.270364 155 142 153
1.441406 2.628906 1.273578 153 140 150
1.441406 2.660156 1.278671 153 140 154
1.448302 1.074219 1.058594 134 122 131
1.449219 1.113281 1.063395 135 122 135
1.443957 1.160156 1.074219 138 125 139
1.449219 1.191406 1.076316 141 127 140
1.448340 1.230469 1.082031 143 128 142
1.449219 1.269531 1.086968 145 130 144
1.449219 1.300781 1.090168 147 132 146
1.449219 1.339844 1.095486 149 133 149
1.443625 1.386719 1.105469 152 136 150
1.449219 1.417969 1.106471 154 138 153
1.449219 1.457031 1.111218 158 140 154
1.441772 1.503906 1.121094 160 143 155
1.449219 1.529917 1.121094 164 146 157
1.449219 1.574219 1.127470 167 149 159
1.442376 1.621094 1.136719 169 150 160
1.449219 1.649446 1.136719 171 152 159
1.445996 1.691406 1.144531 174 153 162
1.449219 1.730469 1.147779 174 153 160
1.449219 1.761719 1.152349 175 154 163
1.449219 1.808594 1.157954 176 155 160
1.449219 1.847656 1.163859 177 155 162
1.449219 1.878906 1.168571 177 156 161
1.448523 1.925781 1.175781 178 156 162
1.449219 1.964844 1.181101 178 157 160
1.449219 2.003906 1.186075 177 156 160
1.449219 2.042969 1.191566 175 155 160
1.449219 2.089844 1.197461 148 136 122
1.449219 2.128906 1.202726 101 107 41
1.449219 2.167969 1.209243 134 132 123
1.448156 2.207031 1.214844 168 151 157
1.449219 2.246094 1.220058 166 149 156
1.449219 2.285156 1.226249 165 148 157
1.449219 2.316406 1.230642 164 149 156
1.449219 2.363281 1.235974 160 145 155
1.442469 2.410156 1.246094 160 145 155
1.449219 2.441406 1.247199 159 144 155
1.448141 2.488281 1.253906 157 142 154
1.442428 2.535156 1.261719 155 142 153
1.449219 2.566406 1.264083 155 141 154
1.446857 2.605469 1.269531 153 141 150
1.449219 2.652344 1.274373 153 138 155
1.457031 1.074219 1.052299 134 122 134
1.457031 1.105469 1.057820 136 124 135
1.454167 1.144531 1.066406 138 125 137
1.457031 1.183594 1.070686 140 126 141
1.457031 1.222656 1.076597 143 128 143
1.456722 1.261719 1.082031 145 130 144
1.457031 1.300781 1.086833 147 132 145
1.457031 1.339844 1.091952 150 134 148
1.457031 1.375237 1.097656 152 136 150
1.457031 1.417969 1.102926 155 138 153
1.457031 1.457031 1.107867 158 141 153
1.455745 1.496094 1.113281 161 143 156
1.457031 1.535156 1.118112 164 146 157
1.457031 1.566406 1.122035 167 148 159
1.457031 1.605469 1.126870 170 151 160
1.449913 1.652344 1.136719 172 152 159
1.457031 1.679462 1.136719 174 153 162
1.453627 1.722656 1.144531 174 154 160
1.449229 1.761719 1.152344 175 154 163
1.456053 1.792969 1.152344 176 155 161
1.451444 1.832031 1.160156 176 155 161
1.457031 1.863281 1.162782 177 156 162
1.457031 1.898974 1.167969 178 156 160
1.457031 1.941406 1.173765 178 157 160
1.449779 1.988281 1.183594 176 155 161
1.457031 2.019531 1.185241 177 156 160
1.457031 2.058594 1.189697 177 157 161
1.457031 2.105469 1.196136 105 113 55
1.457031 2.144531 1.202220 147 137 99
1.457031 2.175781 1.206790 170 156 162
1.453843 2.222656 1.214844 167 150 157
1.457031 2.261719 1.219453 167 150 159
1.457031 2.300781 1.224998 164 148 158
1.454919 2.339844 1.230469 92 103 58
1.449904 2.378906 1.238281 159 145 154
1.457031 2.410156 1.239752 161 146 156
1.457031 2.449219 1.245622 159 144 153
1.457031 2.496094 1.250334 158 144 153
1.457031 2.527344 1.254587 157 143 154
1.454584 2.574219 1.261719 156 141 155
1.450062 2.613281 1.269531 153 139 153
1.457031 2.644531 1.270481 153 140 156
1.451069 2.675781 1.277344 153 139 151
1.464844 1.087052 1.050781 135 123 137
1.464844 1.126779 1.058594 136 124 138
1.460242 1.167969 1.066406 140 126 140
1.458141 1.207031 1.074219 142 127 143
1.464844 1.233660 1.074219 144 129 142
1.464844 1.277344 1.080294 147 131 145
1.457554 1.324219 1.089844 149 133 148
1.464844 1.349038 1.089844 151 135 148
1.461696 1.394531 1.097656 154 137 151
1.464844 1.433594 1.101449 157 140 152
1.464844 1.464844 1.105116 159 142 152
1.460378 1.511719 1.113281 162 145 156
1.464844 1.550781 1.116271 166 148 158
1.464844 1.589649 1.121094 170 150 161
1.464844 1.628906 1.126266 172 152 161
1.464844 1.660156 1.129786 174 153 162
1.464844 1.699219 1.135252 176 154 162
1.464844 1.738281 1.140305 176 155 161
1.464844 1.769531 1.144802 177 155 161
1.463286 1.816406 1.152344 177 156 161
1.464844 1.855469 1.158176 178 157 162
1.458527 1.902344 1.167969 177 156 160
1.464844 1.933594 1.169263 179 158 163
1.464844 1.972656 1.174676 179 158 162
1.460337 2.019531 1.183594 177 156 161
1.464844 2.050781 1.184985 180 160 167
1.464844 2.089844 1.189946 107 114 59
1.464844 2.128906 1.195993 174 156 159
1.464844 2.167969 1.200855 120 121 112
1.464844 2.201759 1.207031 170 152 158
1.464844 2.246094 1.213557 168 151 158
1.460144 2.292969 1.222656 165 149 158
1.464844 2.324219 1.224069 145 136 115
1.463781 2.371094 1.230469 160 145 155
1.460337 2.410156 1.238281 161 146 156
1.464844 2.449219 1.241486 160 145 156
1.464844 2.480469 1.244611 159 144 156
1.464844 2.527344 1.251301 157 143 152
1.464844 2.558594 1.254984 156 143 155
1.462184 2.605469 1.261719 155 141 154
1.464844 2.636719 1.264023 153 140 156
1.472656 1.074219 1.046762 134 122 133
1.472656 1.106909 1.050781 137 124 136
1.472656 1.144531 1.057159 138 125 138
1.468917 1.191406 1.066406 142 128 141
1.472656 1.230469 1.070123 145 129 143
1.472656 1.261719 1.074834 146 130 145
1.470550 1.308594 1.082031 150 133 148
1.472656 1.347656 1.086618 151 135 148
1.472656 1.378906 1.090791 153 137 150
1.471702 1.425781 1.097656 157 140 154
1.466196 1.472656 1.105469 160 143 155
1.472656 1.503906 1.106880 163 145 158
1.472656 1.542969 1.111549 166 147 158
1.464915 1.589844 1.121094 170 150 161
1.472656 1.617788 1.121094 172 152 161
1.469713 1.667969 1.128906 175 154 162
1.472656 1.707031 1.132745 176 155 162
1.472656 1.738281 1.136222 176 155 163
1.472656 1.777344 1.141880 178 156 163
1.472656 1.816406 1.147671 178 156 163
1.472656 1.847656 1.152910 179 157 162
1.472656 1.886719 1.160117 179 157 162
1.467904 1.933594 1.167969 180 158 163
1.472656 1.972656 1.171155 180 158 164
1.472656 2.003906 1.175938 178 157 161
1.472656 2.050781 1.181283 136 128 96
1.472656 2.089844 1.186197 109 114 48
1.472656 2.128906 1.191741 174 154 159
1.472656 2.167969 1.197055 114 116 102
1.472656 2.207031 1.203764 171 153 159
1.472656 2.246094 1.209865 169 152 158
1.472656 2.277344 1.214956 167 151 157
1.472656 2.324219 1.220659 151 141 123
1.472656 2.371094 1.227014 162 147 156
1.472656 2.402344 1.230574 161 147 156
1.472656 2.441406 1.236250 161 147 155
1.472656 2.480469 1.241442 159 145 154
1.472656 2.511719 1.245516 158 144 158
1.472656 2.558594 1.251541 157 142 156
1.472656 2.589844 1.253885 155 141 156
1.472656 2.628906 1.258029 154 141 154
1.472656 2.660156 1.265764 153 141 153
1.480469 1.105469 1.048260 137 124 137
1.480469 1.144531 1.053988 140 126 140
1.480469 1.175781 1.058639 142 127 141
1.478682 1.222656 1.066406 144 129 142
1.474264 1.261719 1.074219 146 131 145
1.480469 1.292969 1.075654 148 132 147
1.478790 1.339844 1.082031 151 135 149
1.480469 1.378906 1.086569 154 137 150
1.480469 1.410156 1.090760 156 138 152
1.480469 1.449219 1.096115 159 142 155
1.473860 1.496094 1.105469 163 145 158
1.480469 1.527344 1.106707 166 147 159
1.477459 1.574219 1.113281 169 149 159
1.480469 1.613281 1.117277 172 152 162
1.480469 1.644531 1.121416 175 154 163
1.480469 1.691406 1.127773 177 155 164
1.476195 1.746094 1.136719 177 155 163
1.480469 1.785156 1.139810 178 156 163
1.480469 1.818530 1.144531 179 157 163
1.479451 1.863281 1.152344 179 158 162
1.475902 1.902344 1.160156 179 158 162
1.480469 1.941406 1.163976 180 159 163
1.480469 1.972656 1.167991 180 159 161
1.477577 2.019531 1.175781 181 160 166
1.480469 2.050781 1.177778 107 114 39
1.480469 2.089844 1.183347 175 161 156
1.480469 2.128906 1.188272 174 154 159
1.480469 2.167969 1.193536 110 113 93
1.480469 2.205419 1.199219 172 153 158
1.477764 2.246094 1.207031 169 152 159
1.474240 2.285156 1.214844 166 150 157
1.480469 2.311783 1.214844 166 150 156
1.477754 2.355469 1.222656 159 151 160
1.480469 2.394531 1.225957 162 147 155
1.480469 2.425781 1.230059 162 148 158
1.476589 2.472656 1.238281 160 145 155
1.480469 2.503906 1.240544 158 144 155
1.480469 2.541185 1.246094 158 143 157
1.474175 2.597656 1.253906 155 141 157
1.479089 2.628906 1.253906 155 142 155
1.479032 2.660156 1.261719 155 141 157
1.488281 1.074219 1.041123 137 124 136
1.488281 1.121094 1.046892 138 125 137
1.488281 1.152344 1.052204 140 126 140
1.488281 1.191406 1.057549 143 128 141
1.482430 1.238281 1.066406 145 129 145
1.488281 1.277344 1.070350 148 132 146
1.488281 1.308594 1.074345 150 134 147
1.488281 1.355469 1.080160 153 136 149
1.488281 1.394531 1.084928 156 138 151
1.488281 1.433594 1.090852 159 141 154
1.486987 1.480469 1.097656 162 144 157
1.488281 1.519531 1.101599 165 146 160
1.488281 1.550781 1.106114 169 149 160
1.488281 1.597656 1.111239 172 152 162
1.481237 1.644531 1.121094 175 154 163
1.488281 1.675781 1.122885 177 156 164
1.488281 1.714844 1.128063 177 156 164
1.488281 1.761719 1.133634 179 157 163
1.488281 1.800781 1.138414 180 158 163
1.488281 1.839844 1.144732 180 158 163
1.487638 1.886719 1.152344 181 159 163
1.483100 1.925781 1.160156 180 159 163
1.488281 1.957031 1.162198 181 159 163
1.487892 1.996094 1.167969 182 160 163
1.481473 2.042969 1.175781 109 110 50
1.488281 2.074219 1.177660 170 159 150
1.488281 2.113281 1.183135 177 157 160
1.482568 2.160156 1.191406 102 112 50
1.488281 2.191406 1.193756 173 154 158
1.487562 2.230469 1.199219 171 153 159
1.488281 2.261719 1.203986 169 152 158
1.488281 2.300781 1.209104 166 150 157
1.488281 2.337751 1.214844 96 104 54
1.488281 2.378906 1.220004 163 148 156
1.488281 2.417969 1.225454 162 147 156
1.487987 2.457031 1.230469 161 146 156
1.488281 2.496094 1.236428 159 145 155
1.488281 2.527344 1.240086 159 144 159
1.484423 2.566406 1.246094 156 142 154
1.488281 2.605469 1.248513 156 143 156
1.488281 2.652344 1.251088 155 140 163
1.496094 1.074219 1.033827 135 124 133
1.495573 1.113281 1.042969 138 124 137
1.496094 1.152344 1.048350 140 126 138
1.496094 1.191406 1.054296 144 128 141
1.496094 1.230469 1.059976 146 130 144
1.496094 1.269531 1.065621 148 132 146
1.496094 1.308594 1.070606 150 134 147
1.496094 1.339844 1.073764 153 136 149
1.492642 1.386719 1.082031 155 138 152
1.488327 1.425781 1.089844 158 140 154
1.495634 1.457031 1.089844 161 143 156
1.491284 1.496094 1.097656 164 145 158
1.496094 1.521479 1.097656 166 147 159
1.494697 1.566406 1.105469 170 150 160
1.489277 1.613281 1.113281 173 153 163
1.496094 1.644531 1.115052 176 155 162
1.496094 1.683594 1.120644 178 157 164
1.490810 1.730469 1.128906 178 157 164
1.496094 1.761719 1.130087 179 157 163
1.496094 1.800781 1.134795 180 158 164
1.496094 1.839844 1.140606 181 159 163
1.496094 1.871094 1.145636 181 159 163
1.496094 1.910156 1.150726 182 160 163
1.496094 1.949219 1.157366 182 160 163
1.496094 1.988281 1.162344 183 161 164
1.494313 2.027344 1.167969 110 117 55
1.490467 2.066406 1.175781 142 138 101
1.496094 2.105469 1.177551 178 157 161
1.495125 2.144531 1.183594 174 157 144
1.496094 2.183594 1.188778 174 155 162
1.496094 2.222656 1.194281 171 153 159
1.496094 2.258808 1.199219 169 152 158
1.492686 2.300781 1.207031 167 150 158
1.488814 2.339844 1.214844 95 105 54
1.496094 2.371094 1.215593 164 148 158
1.493548 2.417969 1.222656 163 148 157
1.490646 2.464844 1.230469 161 146 156
1.496094 2.496094 1.232403 160 146 156
1.496094 2.539542 1.238281 158 144 156
1.491729 2.589844 1.246094 157 144 154
1.496094 2.613281 1.246838 156 142 157
1.499171 1.082031 1.035156 137 124 133
1.503906 1.105469 1.038748 138 124 139
1.503906 1.142775 1.042969 140 126 138
1.503906 1.183594 1.049468 144 128 142
1.498839 1.230469 1.058594 146 130 144
1.503906 1.261719 1.061053 148 132 145
1.503906 1.300781 1.065574 150 134 147
1.503906 1.347656 1.071477 153 137 149
1.503906 1.378906 1.074962 156 138 153
1.503906 1.417969 1.081528 159 141 153
1.498399 1.464844 1.089844 162 144 157
1.503906 1.496094 1.090886 165 146 158
1.503365 1.542969 1.097656 169 149 160
1.499012 1.582031 1.105469 172 152 160
1.503906 1.613281 1.106835 174 153 163
1.503906 1.652344 1.112367 177 155 164
1.499661 1.699219 1.121094 179 157 164
1.503906 1.730469 1.122859 180 158 165
1.503906 1.769531 1.128277 180 159 164
1.503906 1.816406 1.133469 181 159 163
1.503906 1.855469 1.139488 182 160 163
1.503906 1.887280 1.144531 181 159 163
1.503906 1.933594 1.151097 182 160 164
1.499199 1.980469 1.160156 183 162 164
1.503906 2.011719 1.161619 98 108 39
1.503456 2.058594 1.167969 180 160 162
1.503906 2.089844 1.172525 179 158 160
1.503906 2.121094 1.176784 178 158 160
1.502009 2.167969 1.183594 105 112 75
1.503906 2.207031 1.188742 173 155 159
1.503906 2.246094 1.193828 171 153 159
1.503906 2.280239 1.199219 169 151 159
1.503906 2.324219 1.205004 165 152 143
1.496138 2.363281 1.214844 163 148 158
1.503790 2.394531 1.214844 164 149 157
1.498898 2.433594 1.222656 163 148 157
1.503906 2.464844 1.223678 162 147 157
1.503906 2.503906 1.229164 159 145 155
1.503906 2.542969 1.234644 160 145 157
1.503906 2.574219 1.236804 158 143 158
1.503906 2.613281 1.245384 157 143 157
1.503906 2.644531 1.244491 157 143 158
1.506714 1.097656 1.035156 138 124 136
1.511719 1.136719 1.038514 140 126 139
1.511719 1.167969 1.043868 143 127 141
1.511719 1.207031 1.049412 145 129 142
1.506840 1.253906 1.058594 148 132 145
1.511719 1.278493 1.058594 149 133 146
1.508351 1.324219 1.066406 152 136 149
1.511719 1.363281 1.069600 155 138 151
1.511719 1.402344 1.075651 158 140 152
1.510259 1.449219 1.082031 162 143 155
1.511719 1.488281 1.085926 166 147 158
1.511719 1.519531 1.090225 168 149 159
1.509722 1.566406 1.097656 171 151 160
1.504168 1.605469 1.105469 174 153 163
1.511348 1.636719 1.105469 177 155 162
1.511719 1.667969 1.110535 179 157 165
1.511719 1.699219 1.114209 180 157 165
1.511719 1.738281 1.119723 180 158 163
1.511719 1.777344 1.125606 181 159 164
1.511719 1.808594 1.129739 182 160 163
1.511507 1.855469 1.136719 183 161 163
1.511719 1.894531 1.142267 183 161 164
1.511719 1.933594 1.147569 183 161 163
1.511719 1.964844 1.151818 187 165 169
1.507174 2.011719 1.160156 98 109 38
1.511719 2.050781 1.163247 182 160 160
1.511363 2.089844 1.167969 180 159 161
1.506851 2.128906 1.175781 178 157 162
1.511719 2.160156 1.178238 106 114 52
1.511719 2.194227 1.183594 175 156 161
1.511719 2.238281 1.189479 172 154 159
1.511719 2.277344 1.194740 170 153 160
1.511719 2.308594 1.199128 167 152 158
1.507775 2.355469 1.207031 154 149 155
1.511719 2.394531 1.211351 165 149 159
1.511719 2.425781 1.215888 164 149 160
1.509627 2.472656 1.222656 162 147 158
1.504238 2.519531 1.230469 160 145 155
1.511719 2.546918 1.230469 160 145 157
1.504374 2.582031 1.238281 158 144 156
1.511719 2.607857 1.238281 158 144 158
1.508269 2.660156 1.246094 156 144 158
1.514823 1.121094 1.035156 139 126 137
1.519531 1.160156 1.039423 142 128 141
1.519531 1.191406 1.042235 144 128 144
1.514778 1.230469 1.050781 147 131 144
1.519531 1.269531 1.053660 149 133 144
1.519531 1.304890 1.058594 152 135 147
1.519531 1.347656 1.063952 154 137 150
1.519531 1.378906 1.067753 156 138 151
1.517004 1.417969 1.074219 159 141 155
1.512647 1.457031 1.082031 163 144 157
1.519208 1.488281 1.082031 166 147 159
1.514820 1.527344 1.089844 169 149 158
1.519531 1.558594 1.091410 172 152 162
1.519531 1.597656 1.096997 175 153 163
1.519531 1.644531 1.102904 178 156 163
1.519531 1.683594 1.108261 180 158 165
1.519531 1.717709 1.113281 180 158 164
1.519531 1.761719 1.119696 181 159 163
1.513657 1.808594 1.128906 182 160 163
1.519531 1.839844 1.130666 183 161 163
1.519531 1.878906 1.136301 183 161 164
1.515632 1.925781 1.144531 184 161 164
1.519531 1.964844 1.147808 147 137 107
1.519531 1.996094 1.152145 112 120 46
1.519531 2.035156 1.157367 183 163 163
1.519531 2.066406 1.160613 181 160 163
1.518840 2.113281 1.167969 179 159 161
1.519531 2.152344 1.172886 122 118 62
1.519531 2.191406 1.178924 176 157 161
1.519531 2.222656 1.183635 173 154 160
1.519531 2.269531 1.189744 170 153 159
1.513622 2.316406 1.199219 167 151 158
1.519531 2.340260 1.199219 97 106 56
1.518250 2.386719 1.207031 165 150 158
1.519531 2.425781 1.212163 165 150 158
1.519531 2.464844 1.216753 163 149 158
1.518778 2.503906 1.222656 161 147 157
1.512345 2.550781 1.230469 159 145 155
1.519531 2.582031 1.229730 161 146 158
1.519531 2.621094 1.237992 157 144 155
1.520065 1.082031 1.027344 137 125 139
1.527344 1.113281 1.028461 140 126 138
1.527344 1.152344 1.035025 141 126 139
1.522873 1.207031 1.042969 145 129 142
1.527344 1.238281 1.045833 148 132 143
1.527344 1.269531 1.049952 150 134 145
1.522601 1.316406 1.058594 152 136 149
1.527344 1.347656 1.059924 154 137 150
1.527344 1.394299 1.066406 158 140 153
1.523390 1.441406 1.074219 162 143 155
1.527344 1.480469 1.077326 166 147 157
1.527344 1.514380 1.082031 169 149 158
1.527344 1.558594 1.088341 172 152 161
1.519799 1.605469 1.097656 175 154 163
1.527344 1.632032 1.097656 178 156 163
1.527344 1.675781 1.103456 180 158 164
1.521460 1.722656 1.113281 181 158 164
1.527344 1.753906 1.114460 183 160 163
1.527344 1.792969 1.120433 183 161 165
1.522891 1.839844 1.128906 183 161 164
1.527344 1.878906 1.132560 184 162 163
1.527344 1.910156 1.136857 184 162 165
1.524049 1.957031 1.144531 144 136 98
1.527344 1.996094 1.148743 144 141 80
1.527344 2.027344 1.152835 146 142 125
1.527344 2.074219 1.158346 182 161 163
1.521551 2.121094 1.167969 180 159 163
1.527344 2.152344 1.169006 130 125 74
1.527344 2.191406 1.174658 177 157 162
1.527344 2.230469 1.181199 174 156 158
1.527344 2.269531 1.187248 172 155 158
1.527344 2.308594 1.192554 169 153 160
1.527344 2.355469 1.197866 142 140 144
1.521685 2.402344 1.207031 166 151 159
1.527344 2.433594 1.208623 165 150 159
1.525701 2.472656 1.214844 162 149 158
1.527344 2.511719 1.219072 161 148 156
1.527344 2.542969 1.222964 161 147 155
1.523907 2.597656 1.230469 159 145 157
1.520074 2.636719 1.238281 158 145 156
1.535156 1.088545 1.019531 139 126 137
1.535156 1.121094 1.027213 141 128 137
1.531347 1.167969 1.035156 144 128 141
1.535156 1.199219 1.036731 145 130 141
1.535156 1.243358 1.042969 148 132 145
1.535156 1.285156 1.048684 151 135 146
1.535156 1.332031 1.054558 154 137 149
1.535156 1.363281 1.058419 156 139 150
1.535156 1.402344 1.063608 159 141 152
1.535156 1.441406 1.069176 163 144 154
1.534302 1.480469 1.074219 166 147 156
1.535156 1.519531 1.079546 170 150 159
1.535156 1.558594 1.084377 173 152 161
1.535107 1.597656 1.089844 176 155 162
1.535156 1.636719 1.095251 179 157 164
1.535156 1.675781 1.099915 181 159 164
1.535156 1.711016 1.105469 182 160 165
1.535156 1.753906 1.110271 183 161 165
1.535156 1.792969 1.116303 183 161 163
1.535156 1.824219 1.120885 184 161 165
1.535156 1.863281 1.127016 184 162 164
1.527673 1.910156 1.136719 184 162 165
1.535156 1.936883 1.136719 144 135 99
1.535156 1.980469 1.143093 135 135 78
1.528289 2.027344 1.152344 145 142 125
1.535156 2.051737 1.152344 182 161 163
1.535156 2.097656 1.158281 181 160 162
1.535156 2.136719 1.163420 179 159 162
1.535156 2.167969 1.166580 104 114 56
1.530431 2.207031 1.175781 176 157 161
1.535156 2.238281 1.178130 174 156 160
1.535156 2.277344 1.184359 172 154 160
1.535156 2.316406 1.189039 170 155 163
1.535156 2.355469 1.194187 138 135 140
1.535156 2.386719 1.198312 167 151 160
1.535156 2.425781 1.203681 166 151 159
1.535156 2.457031 1.208194 164 150 159
1.535156 2.496094 1.214701 162 148 158
1.535156 2.542969 1.219711 160 147 157
1.535156 2.574219 1.223617 159 145 161
1.535156 2.621094 1.227915 158 145 154
1.535156 2.652344 1.229695 157 146 143
1.542969 1.121094 1.022864 141 127 136
1.542969 1.152344 1.027823 143 127 140
1.542969 1.199219 1.033191 146 131 142
1.536238 1.246094 1.042969 148 132 145
1.542969 1.271650 1.042969 150 134 146
1.540076 1.316406 1.050781 153 137 147
1.542969 1.347656 1.053067 156 138 150
1.542969 1.386719 1.057689 159 141 151
1.538721 1.433594 1.066406 162 144 155
1.542969 1.464844 1.068234 165 146 156
1.542969 1.503906 1.073261 169 149 159
1.538922 1.550781 1.082031 173 152 161
1.542969 1.589844 1.084885 176 154 165
1.542969 1.622573 1.089844 179 157 165
1.542969 1.667969 1.095775 182 160 165
1.536553 1.714844 1.105469 182 160 165
1.542969 1.746094 1.105904 183 161 165
1.541934 1.792969 1.113281 184 162 164
1.542969 1.832031 1.119229 185 162 164
1.535661 1.878906 1.128906 184 162 163
1.542969 1.909787 1.128906 189 167 171
1.542969 1.949219 1.135071 115 123 55
1.542969 1.996094 1.142477 187 165 163
1.542969 2.035156 1.146533 185 167 168
1.542969 2.074219 1.152234 183 162 161
1.542969 2.121094 1.158128 182 161 162
1.542969 2.160156 1.162223 109 116 49
1.542969 2.199219 1.168230 177 158 162
1.542642 2.246094 1.175781 174 156 161
1.542969 2.277344 1.180210 172 155 161
1.542969 2.308594 1.184050 147 137 123
1.541468 2.355469 1.191406 131 130 130
1.537724 2.402344 1.199219 167 152 159
1.542969 2.441406 1.202325 165 151 159
1.542969 2.473390 1.207031 163 149 158
1.541127 2.519531 1.214844 162 148 157
1.542969 2.558594 1.218270 161 147 160
1.542969 2.592530 1.222656 160 147 159
1.542969 2.652344 1.226246 158 144 166
1.550781 1.128906 1.020633 142 128 138
1.550781 1.167969 1.025210 144 128 142
1.543111 1.214844 1.035156 148 131 145
1.550781 1.246094 1.036031 149 133 144
1.550781 1.291697 1.042969 152 135 147
1.550781 1.339844 1.048227 156 138 149
1.550781 1.386719 1.053710 159 141 152
1.550781 1.417969 1.058645 162 143 153
1.550781 1.464844 1.064273 166 147 156
1.543207 1.511719 1.074219 169 149 159
1.550781 1.542969 1.075762 173 152 161
1.550781 1.582031 1.080366 176 155 163
1.545206 1.628906 1.089844 179 157 164
1.550781 1.660156 1.090921 181 159 165
1.550781 1.699219 1.096635 183 161 165
1.544152 1.746094 1.105469 183 161 165
1.550781 1.777344 1.107595 184 162 165
1.550781 1.816406 1.112825 185 163 165
1.550781 1.855469 1.118841 186 163 163
1.550781 1.894531 1.123492 189 168 170
1.550781 1.930049 1.128906 117 125 59
1.547464 1.972656 1.136719 179 163 152
1.550781 2.011719 1.140130 114 121 42
1.550781 2.042969 1.144008 184 162 164
1.546199 2.089844 1.152344 183 162 163
1.550781 2.121094 1.154130 182 161 161
1.550781 2.160156 1.159560 110 116 45
1.546230 2.207031 1.167969 177 158 162
1.550781 2.246094 1.171705 175 156 161
1.550781 2.277344 1.175837 174 157 162
1.547007 2.324219 1.183594 98 106 44
1.543852 2.363281 1.191406 168 155 163
1.550781 2.394531 1.192441 168 153 159
1.550781 2.433594 1.197640 167 152 161
1.545278 2.480469 1.207031 164 150 159
1.550781 2.511719 1.207754 163 149 160
1.550781 2.550781 1.214373 163 150 159
1.550781 2.597656 1.219934 161 147 162
1.550781 2.628906 1.222174 161 148 155
1.558594 1.105469 1.015170 141 128 134
1.558594 1.136719 1.017821 142 128 138
1.550879 1.183594 1.027344 146 130 143
1.558594 1.214844 1.029021 148 132 142
1.558594 1.253906 1.033795 151 134 145
1.558594 1.292969 1.039592 153 136 146
1.558594 1.324219 1.042327 155 138 149
1.558594 1.363281 1.047687 158 141 149
1.558594 1.394531 1.051290 160 142 153
1.558594 1.433594 1.057451 164 145 155
1.550861 1.480469 1.066406 167 146 157
1.558594 1.508727 1.066406 171 150 159
1.555012 1.550781 1.074219 174 153 162
1.558594 1.589844 1.077728 177 156 164
1.558594 1.621094 1.082539 180 158 164
1.555756 1.667969 1.089844 182 160 164
1.551128 1.707031 1.097656 183 161 165
1.558594 1.738281 1.099099 185 162 166
1.557535 1.785156 1.105469 185 162 166
1.558594 1.824219 1.110998 186 163 166
1.558594 1.871094 1.117567 188 166 165
1.558594 1.902344 1.121631 116 119 42
1.557767 1.949219 1.128906 181 166 158
1.558594 1.988281 1.133214 187 165 165
1.558594 2.019531 1.137484 113 123 50
1.555839 2.066406 1.144531 184 163 164
1.558594 2.105469 1.147995 183 162 164
1.558594 2.136719 1.152043 182 161 164
1.558594 2.175781 1.158379 121 123 103
1.551279 2.222656 1.167969 176 158 161
1.558594 2.253906 1.168982 175 157 161
1.558594 2.292969 1.173985 100 106 32
1.551790 2.339844 1.183594 94 102 47
1.558594 2.371094 1.184981 169 153 160
1.557002 2.410156 1.191406 169 154 161
1.558594 2.449219 1.195931 166 152 160
1.558594 2.480469 1.199703 164 150 160
1.558594 2.519531 1.204453 164 150 160
1.558594 2.558594 1.210255 162 150 160
1.558594 2.589844 1.215799 161 148 158
1.558594 2.644531 1.222835 160 147 155
1.566406 1.113281 1.011496 142 128 135
1.562007 1.160156 1.019531 144 129 139
1.566406 1.199219 1.023651 147 131 144
1.566406 1.230469 1.027673 150 134 145
1.566406 1.277344 1.033637 152 136 147
1.566406 1.324219 1.039181 155 138 147
1.566406 1.355469 1.043563 158 140 151
1.566406 1.402344 1.049047 161 143 153
1.559610 1.449219 1.058594 165 146 155
1.566406 1.475684 1.058594 169 148 159
1.566406 1.519531 1.064371 173 152 160
1.559133 1.566406 1.074219 175 154 163
1.566406 1.597656 1.075414 179 157 164
1.566406 1.636719 1.081191 181 159 165
1.560823 1.683594 1.089844 184 161 168
1.566406 1.714844 1.091788 185 162 167
1.565616 1.753906 1.097656 186 163 167
1.566406 1.792969 1.102596 187 164 165
1.566406 1.832031 1.109065 187 164 166
1.566406 1.863281 1.112948 191 169 172
1.562635 1.910156 1.121094 117 124 46
1.566406 1.949219 1.125300 189 166 163
1.566406 1.980469 1.128662 187 165 166
1.561016 2.027344 1.136719 121 124 86
1.566406 2.058594 1.137900 185 163 165
1.566406 2.097656 1.143167 184 163 164
1.560525 2.144531 1.152344 183 162 163
1.566406 2.183594 1.155849 178 166 169
1.566406 2.214844 1.160624 178 159 162
1.564128 2.261719 1.167969 168 153 151
1.558627 2.308594 1.175781 101 110 51
1.566406 2.339844 1.176396 102 108 48
1.566406 2.378906 1.182557 169 154 160
1.561802 2.425781 1.191406 168 153 160
1.566406 2.457031 1.192835 167 153 160
1.566406 2.496094 1.197929 165 151 159
1.566406 2.535156 1.203388 164 150 160
1.566406 2.566406 1.207107 162 149 158
1.566406 2.605469 1.214404 160 148 158
1.558978 2.652344 1.222656 161 149 154
1.573912 1.136719 1.011719 143 128 138
1.574219 1.175781 1.017440 146 131 141
1.574219 1.214844 1.021529 150 134 144
1.573131 1.253906 1.027344 151 135 145
1.574219 1.292969 1.031809 154 137 148
1.574219 1.324219 1.034155 157 139 149
1.574219 1.363281 1.039773 159 141 151
1.574219 1.402344 1.044869 162 144 153
1.572574 1.441406 1.050781 166 146 156
1.574219 1.480469 1.054947 170 150 158
1.574219 1.511719 1.059712 173 151 160
1.574219 1.550781 1.064927 176 154 162
1.574219 1.589844 1.070134 179 157 164
1.574219 1.621094 1.075371 181 159 164
1.571984 1.667969 1.082031 184 161 166
1.574219 1.707031 1.086821 186 163 166
1.574219 1.746094 1.092781 187 164 166
1.574219 1.784519 1.097656 187 164 167
1.574219 1.824219 1.104064 188 165 167
1.568123 1.871094 1.113281 169 155 136
1.574219 1.902344 1.114675 119 125 45
1.574219 1.941406 1.120526 189 166 166
1.574219 1.988281 1.126019 187 165 165
1.574219 2.019531 1.129216 114 125 51
1.571319 2.066406 1.136719 186 164 165
1.574219 2.105469 1.140265 185 163 165
1.574219 2.136719 1.144325 183 162 163
1.570259 2.175781 1.152344 114 119 89
1.574219 2.207031 1.155298 179 161 162
1.574219 2.238281 1.160077 182 163 167
1.574219 2.277344 1.164840 104 114 49
1.574219 2.316406 1.171075 172 158 165
1.574080 2.355469 1.175781 112 117 103
1.568786 2.394531 1.183594 170 154 162
1.574219 2.425781 1.185063 169 153 162
1.574219 2.464844 1.190464 166 152 160
1.574219 2.511719 1.196024 165 151 161
1.574219 2.542969 1.200392 163 149 160
1.574219 2.582031 1.207303 163 148 160
1.574219 2.613281 1.209974 161 148 163
1.580607 1.105469 1.003906 144 130 139
1.582031 1.136719 1.006884 144 130 137
1.582031 1.167969 1.012165 146 131 141
1.578343 1.214844 1.019531 150 134 144
1.582031 1.246094 1.021772 151 135 144
1.580621 1.285156 1.027344 154 138 146
1.582031 1.324219 1.030929 157 139 149
1.582031 1.355469 1.034986 159 141 151
1.582031 1.394531 1.040264 162 143 152
1.582031 1.433594 1.045385 165 146 155
1.581151 1.472656 1.050781 169 149 158
1.582031 1.511719 1.055838 173 152 161
1.582031 1.550781 1.061014 176 154 162
1.582031 1.589613 1.066406 180 157 165
1.582031 1.628906 1.072325 182 160 165
1.574797 1.675781 1.082031 185 162 167
1.582031 1.707031 1.083476 187 164 168
1.582031 1.746094 1.089453 187 164 168
1.577684 1.792969 1.097656 188 165 167
1.582031 1.824219 1.100280 189 166 165
1.581934 1.863281 1.105469 119 125 38
1.577348 1.902344 1.113281 145 143 90
1.582031 1.933594 1.115633 189 167 165
1.580384 1.972656 1.121094 189 168 166
1.574824 2.019531 1.128906 115 125 51
1.582031 2.050781 1.130281 187 166 165
1.579438 2.097656 1.136719 186 164 165
1.582031 2.136719 1.139652 184 163 163
1.582031 2.167969 1.145013 108 119 45
1.582031 2.214571 1.152344 181 161 163
1.582031 2.253906 1.158000 107 116 40
1.576443 2.300781 1.167969 148 144 116
1.582031 2.332031 1.170162 162 151 125
1.580436 2.378906 1.175781 170 154 161
1.574461 2.417969 1.183594 169 154 163
1.582031 2.443333 1.183594 167 152 159
1.578785 2.488281 1.191406 166 152 161
1.582031 2.527344 1.194236 165 151 163
1.582031 2.563174 1.199219 164 151 161
1.582031 2.597656 1.203540 162 149 160
1.575317 2.636719 1.214844 161 145 169
1.583085 1.121094 1.003906 145 130 138
1.589844 1.152344 1.004966 144 130 138
1.587330 1.191406 1.011719 148 132 143
1.584268 1.238281 1.019531 151 134 144
1.589844 1.269531 1.021182 153 137 146
1.587914 1.316406 1.027344 157 139 150
1.584605 1.363281 1.035156 160 141 152
1.589844 1.394531 1.036619 163 144 154
1.589844 1.433594 1.041838 166 146 156
1.583424 1.480469 1.050781 170 150 158
1.589844 1.511719 1.052397 173 152 161
1.589844 1.550781 1.057952 177 155 162
1.585708 1.597656 1.066406 181 158 165
1.589844 1.636719 1.069979 184 161 166
1.589844 1.667969 1.074274 185 163 167
1.586747 1.714844 1.082031 186 163 165
1.582700 1.753906 1.089844 188 165 167
1.589844 1.780867 1.089844 188 166 165
1.589844 1.824219 1.095880 192 170 172
1.589844 1.863281 1.101224 120 128 53
1.589844 1.894531 1.106348 192 173 171
1.588459 1.941406 1.113281 190 167 167
1.589844 1.980469 1.117520 190 168 166
1.589844 2.011719 1.120960 119 118 48
1.589844 2.050781 1.126483 188 166 167
1.589844 2.082031 1.130285 186 164 165
1.586760 2.128906 1.136719 185 163 164
1.583171 2.167969 1.144531 108 119 45
1.589844 2.199219 1.145486 182 162 163
1.587242 2.238281 1.152344 119 122 58
1.589844 2.269531 1.156959 131 132 86
1.589844 2.308594 1.163227 174 156 163
1.589671 2.347656 1.167969 100 112 50
1.583877 2.394531 1.175781 171 155 162
1.589844 2.425781 1.177969 170 154 161
1.589844 2.464844 1.183182 168 153 162
1.585817 2.511719 1.191406 166 152 162
1.589844 2.542969 1.192987 165 151 162
1.589844 2.582031 1.198259 163 149 163
1.589844 2.621094 1.204232 162 149 162
1.596863 1.113281 0.996094 145 131 134
1.597656 1.144531 1.000548 145 130 138
1.597656 1.183594 1.005643 147 131 141
1.596926 1.222656 1.011719 151 135 143
1.597656 1.261719 1.016547 152 137 145
1.597656 1.292969 1.020066 155 138 149
1.593955 1.339844 1.027344 159 141 150
1.597656 1.378906 1.031127 162 144 153
1.597656 1.410156 1.034755 164 145 154
1.594051 1.457031 1.042969 169 148 157
1.597656 1.496094 1.046520 172 152 159
1.597656 1.527344 1.051723 175 154 160
1.595338 1.574219 1.058594 179 157 164
1.597656 1.613281 1.062973 182 160 165
1.597656 1.644531 1.067485 185 162 166
1.597656 1.683594 1.072923 187 164 167
1.591693 1.730469 1.082031 188 165 166
1.597656 1.761719 1.083554 189 166 167
1.597656 1.800781 1.088628 191 168 168
1.597656 1.847656 1.095405 119 128 56
1.591701 1.894531 1.105469 192 172 170
1.597656 1.925781 1.107217 191 168 168
1.597656 1.964844 1.112310 191 169 167
1.597656 2.011719 1.117990 127 124 55
1.597656 2.042969 1.121305 190 168 168
1.597656 2.089844 1.126886 187 165 165
1.597656 2.128906 1.131761 185 164 165
1.597656 2.167969 1.138459 110 121 45
1.597656 2.207031 1.143443 142 132 105
1.592237 2.253906 1.152344 112 119 54
1.590502 2.292969 1.160156 175 159 163
1.597628 2.324219 1.160156 173 156 162
1.592381 2.363281 1.167969 167 158 165
1.597656 2.394531 1.170013 173 156 162
1.597656 2.433594 1.175585 171 155 163
1.593387 2.480469 1.183594 167 153 163
1.597656 2.511719 1.185256 167 153 162
1.597656 2.550781 1.190531 165 151 162
1.597656 2.597656 1.197315 164 150 163
1.597656 2.628906 1.199306 166 153 166
1.602301 1.128906 0.996094 145 131 137
1.598524 1.167969 1.003906 147 131 140
1.605469 1.199219 1.005151 149 133 144
1.604059 1.246094 1.011719 152 135 145
1.599081 1.292969 1.019531 155 138 148
1.605469 1.324219 1.020890 158 141 149
1.602987 1.371094 1.027344 162 143 152
1.605469 1.410156 1.031346 165 146 154
1.605469 1.441406 1.035300 168 148 157
1.603845 1.488281 1.042969 173 151 161
1.605469 1.527344 1.047815 176 154 162
1.605469 1.558594 1.051891 179 156 165
1.605469 1.597656 1.057430 182 159 165
1.605469 1.644531 1.064242 185 162 166
1.605469 1.691406 1.070802 188 165 168
1.605469 1.730469 1.076262 189 166 167
1.605469 1.769531 1.081396 190 166 169
1.600518 1.816406 1.089844 157 149 111
1.605469 1.855469 1.093610 169 162 122
1.605469 1.886719 1.098365 192 168 167
1.603242 1.933594 1.105469 192 169 168
1.605469 1.972656 1.109265 192 169 169
1.605469 2.003906 1.112526 194 172 167
1.601280 2.050781 1.121094 189 167 168
1.605469 2.082031 1.122552 189 168 166
1.605469 2.127915 1.128906 187 165 165
1.605469 2.167969 1.134767 112 121 51
1.605469 2.207031 1.140023 109 117 36
1.605469 2.244784 1.144531 158 151 129
1.602473 2.285156 1.152344 177 159 164
1.605469 2.324219 1.155482 174 157 164
1.605469 2.355469 1.159940 105 112 85
1.605469 2.394531 1.166168 173 156 164
1.599135 2.441406 1.175781 171 155 163
1.604673 2.472656 1.175781 168 153 162
1.600740 2.511719 1.183594 167 153 163
1.605469 2.550781 1.185921 167 153 164
1.605469 2.582031 1.191641 165 152 162
1.601878 2.636719 1.199219 161 149 169
1.613281 1.144531 0.994118 146 131 138
1.605538 1.191406 1.003906 148 132 142
1.613281 1.222656 1.005096 151 135 145
1.610760 1.269531 1.011719 155 138 146
1.613281 1.300781 1.014245 156 139 147
1.611398 1.339844 1.019531 160 142 150
1.613281 1.378906 1.023427 163 144 153
1.613281 1.410156 1.028286 166 146 155
1.611188 1.457031 1.035156 170 149 158
1.606239 1.496094 1.042969 174 152 160
1.613281 1.519938 1.042969 176 154 162
1.613281 1.566406 1.049373 180 158 164
1.608333 1.613281 1.058594 184 160 166
1.613281 1.652344 1.061191 187 164 168
1.613281 1.683594 1.066884 189 166 168
1.610900 1.730469 1.074219 190 167 168
1.613281 1.769531 1.077651 192 168 168
1.613281 1.800781 1.081619 120 122 45
1.613281 1.839844 1.087663 164 157 110
1.606779 1.886719 1.097656 193 169 167
1.613281 1.912512 1.097656 194 170 169
1.613281 1.957031 1.103876 193 170 170
1.613281 2.003906 1.109173 195 172 168
1.613281 2.035156 1.114205 157 150 135
1.613281 2.082031 1.119164 190 168 169
1.613281 2.121094 1.124235 188 166 168
1.613281 2.152344 1.128402 190 169 165
1.610250 2.199219 1.136719 111 117 48
1.613281 2.238281 1.140405 182 165 171
1.613281 2.269531 1.144216 180 161 167
1.613281 2.308594 1.150119 176 158 166
1.613281 2.347656 1.155235 102 112 54
1.613281 2.383902 1.160156 174 158 165
1.610250 2.425781 1.167969 172 156 166
1.613281 2.464844 1.171642 170 154 164
1.613281 2.499817 1.175781 168 154 163
1.608523 2.542969 1.183594 167 153 163
1.613281 2.574219 1.186599 165 152 164
1.613281 2.605469 1.189673 164 151 162
1.614330 1.105469 0.988281 145 129 145
1.621094 1.136719 0.990423 146 131 137
1.621094 1.175781 0.994359 148 133 140
1.615820 1.222656 1.003906 151 135 145
1.621094 1.249918 1.003906 154 137 145
1.617646 1.300781 1.011719 157 140 148
1.621094 1.339844 1.014298 160 142 150
1.621094 1.377589 1.019531 164 145 152
1.621094 1.417969 1.025427 167 147 156
1.621094 1.457031 1.029983 171 150 157
1.621094 1.491457 1.035156 174 153 159
1.621094 1.535156 1.041131 178 155 162
1.621094 1.574219 1.046142 181 158 165
1.621094 1.605469 1.051031 184 160 166
1.621094 1.644531 1.056962 187 163 167
1.621094 1.683594 1.062813 189 165 167
1.621094 1.714844 1.067162 191 167 170
1.618843 1.761719 1.074219 193 170 172
1.615628 1.808594 1.082031 120 128 43
1.621094 1.847656 1.085334 193 170 167
1.621094 1.878906 1.089807 194 170 171
1.616798 1.925781 1.097656 193 170 169
1.621094 1.964844 1.101154 194 170 170
1.621094 1.996094 1.104572 193 171 169
1.616121 2.042969 1.113281 191 170 171
1.621094 2.074219 1.114300 190 168 168
1.618762 2.121094 1.121094 188 167 168
1.615118 2.160156 1.128906 136 131 73
1.621094 2.191406 1.130222 111 121 52
1.621094 2.230469 1.136280 182 163 166
1.621094 2.277344 1.141960 180 162 166
1.621094 2.316406 1.147804 177 159 167
1.621094 2.352707 1.152344 102 110 70
1.621094 2.394531 1.158030 174 157 165
1.621094 2.433594 1.163188 172 156 164
1.621094 2.464844 1.167359 171 156 164
1.616684 2.511719 1.175781 168 154 165
1.621094 2.550781 1.177583 167 152 165
1.618983 2.589844 1.183594 165 152 162
1.621094 2.628906 1.188884 164 152 165
1.625191 1.136719 0.988281 147 131 139
1.628906 1.175781 0.989878 148 132 140
1.628906 1.207031 0.996166 151 135 145
1.623374 1.261719 1.003906 154 137 146
1.628906 1.286161 1.003906 157 139 147
1.625640 1.332031 1.011719 160 142 150
1.628906 1.363281 1.013440 163 144 152
1.628631 1.402344 1.019531 166 146 155
1.628906 1.441406 1.024174 170 149 158
1.628906 1.472656 1.027886 173 151 160
1.628906 1.511719 1.033255 177 154 163
1.623514 1.558594 1.042969 180 157 163
1.628906 1.582918 1.042969 183 159 166
1.628906 1.621094 1.049233 186 162 167
1.628906 1.660156 1.055060 189 165 168
1.628906 1.691406 1.059641 191 167 169
1.628906 1.730469 1.065478 192 168 169
1.624398 1.777344 1.074219 144 140 89
1.628906 1.816406 1.077602 188 173 158
1.628906 1.847656 1.081521 195 171 171
1.624557 1.894531 1.089844 194 171 170
1.628906 1.933594 1.093902 195 172 172
1.628906 1.964844 1.097651 194 171 170
1.623985 2.011719 1.105469 157 146 93
1.628906 2.042969 1.106664 194 174 175
1.628906 2.082031 1.111257 191 169 170
1.628906 2.121094 1.115845 190 167 170
1.628488 2.160156 1.121094 108 114 51
1.628906 2.191406 1.126288 117 123 49
1.622544 2.238281 1.136719 182 163 165
1.628906 2.269531 1.138042 181 162 167
1.628906 2.314364 1.144531 177 159 166
1.623736 2.363281 1.152344 162 155 161
1.628906 2.394531 1.154802 176 159 167
1.628906 2.433594 1.160256 173 157 166
1.628906 2.480469 1.166586 170 155 167
1.621795 2.527344 1.175781 168 153 165
1.627073 2.558594 1.175781 167 153 162
1.628906 2.589844 1.178730 165 151 164
1.628906 2.621094 1.183196 164 152 161
1.636719 1.113281 0.979845 146 130 140
1.630427 1.160156 0.988281 148 132 139
1.636719 1.190613 0.988281 150 134 142
1.636719 1.222656 0.992657 153 136 146
1.636719 1.253906 0.996328 155 137 147
1.636719 1.300781 1.002139 158 141 149
1.636719 1.347656 1.008380 162 143 152
1.636719 1.378906 1.012244 165 145 155
1.634486 1.425781 1.019531 169 148 158
1.636719 1.464844 1.022649 173 151 160
1.636719 1.496094 1.027646 175 154 161
1.636719 1.535156 1.032986 179 157 163
1.636719 1.574219 1.038263 183 159 165
1.636719 1.607339 1.042969 186 163 168
1.634848 1.652344 1.050781 188 165 168
1.636719 1.691406 1.055646 191 167 168
1.636719 1.730469 1.061660 194 169 172
1.636719 1.761719 1.066208 119 126 35
1.636719 1.800781 1.071329 182 169 148
1.636719 1.839844 1.076418 195 172 171
1.636719 1.874864 1.082031 195 172 170
1.636719 1.917969 1.087708 196 172 171
1.636719 1.964844 1.093874 195 172 172
1.636719 1.996094 1.097695 195 172 171
1.636719 2.042969 1.102865 194 175 175
1.636719 2.082031 1.107528 191 169 170
1.636719 2.121094 1.111508 193 172 174
1.632097 2.167969 1.121094 102 113 41
1.636719 2.199219 1.123477 186 167 172
1.636719 2.230469 1.128609 184 164 168
1.636719 2.269531 1.134967 182 163 169
1.629863 2.316406 1.144531 177 159 167
1.636719 2.341743 1.144531 120 119 64
1.633806 2.394531 1.152344 176 159 167
1.636719 2.425781 1.154736 173 157 165
1.636719 2.457031 1.158837 172 156 165
1.632092 2.503906 1.167969 169 154 164
1.636719 2.532634 1.167969 170 155 166
1.636719 2.582031 1.174254 168 153 166
1.635947 2.628906 1.183594 165 152 168
1.639175 1.136719 0.980469 147 131 139
1.644043 1.167969 0.980469 149 133 142
1.644531 1.199219 0.984947 151 134 145
1.644531 1.238281 0.990681 155 138 146
1.643273 1.277344 0.996094 156 139 148
1.644531 1.316406 1.000415 161 142 150
1.644531 1.355469 1.006124 164 145 153
1.644531 1.394531 1.010412 167 146 154
1.638162 1.441406 1.019531 171 150 159
1.644531 1.467414 1.019531 174 152 160
1.640948 1.511719 1.027344 177 155 161
1.639229 1.558594 1.035156 182 159 165
1.644531 1.589844 1.037065 185 161 166
1.644531 1.628906 1.043254 188 164 167
1.642808 1.675781 1.050781 191 167 169
1.644531 1.714844 1.055389 193 169 171
1.644531 1.753906 1.060789 122 130 43
1.644531 1.791281 1.066406 194 175 172
1.644531 1.832031 1.072300 196 172 171
1.638003 1.878906 1.082031 195 172 170
1.644531 1.910156 1.083388 197 173 173
1.644531 1.949219 1.087899 196 173 172
1.636804 1.996094 1.097656 195 172 171
1.644531 2.024675 1.097656 123 130 52
1.638873 2.074219 1.105469 192 169 170
1.644531 2.105469 1.107000 195 173 175
1.642906 2.152344 1.113281 115 124 42
1.644531 2.191406 1.118672 188 173 172
1.644531 2.230469 1.124070 185 165 167
1.644531 2.261719 1.128609 183 164 169
1.640801 2.300781 1.136719 180 162 169
1.644531 2.339844 1.139857 128 123 72
1.644531 2.371094 1.143647 177 162 170
1.644531 2.417969 1.150223 175 159 167
1.644531 2.457031 1.155168 172 156 165
1.644531 2.488281 1.158778 171 155 165
1.637746 2.535156 1.167969 170 155 166
1.644531 2.566406 1.169132 169 154 166
1.644531 2.611706 1.175781 167 154 169
1.652344 1.128906 0.972697 147 131 139
1.650334 1.183594 0.980469 150 134 142
1.652344 1.222656 0.984992 154 137 145
1.652344 1.253906 0.988484 156 138 146
1.650134 1.300781 0.996094 159 141 149
1.652344 1.339844 0.999842 163 143 152
1.652344 1.371094 1.004277 165 145 154
1.652344 1.417969 1.009658 170 149 157
1.652344 1.457031 1.014582 173 151 159
1.652344 1.488627 1.019531 176 154 162
1.649635 1.535156 1.027344 181 158 164
1.652344 1.574219 1.031196 184 161 165
1.652344 1.605469 1.035894 187 163 167
1.652344 1.644531 1.041670 190 165 169
1.652344 1.683594 1.047792 192 168 171
1.652344 1.714844 1.051378 190 170 169
1.652344 1.753906 1.057463 122 130 47
1.652344 1.792969 1.062618 195 171 169
1.652344 1.824219 1.067542 196 172 172
1.652344 1.863281 1.072952 198 174 173
1.652344 1.902344 1.078989 197 173 173
1.652344 1.941406 1.084347 197 174 172
1.652344 1.980469 1.089118 196 173 171
1.645250 2.027344 1.097656 122 130 54
1.652344 2.056960 1.097656 194 172 170
1.648136 2.105469 1.105469 172 156 138
1.652344 2.144531 1.108439 113 122 33
1.652344 2.181549 1.113281 120 124 83
1.652344 2.222656 1.119178 186 166 169
1.646798 2.269531 1.128906 183 164 169
1.652344 2.293078 1.128906 181 162 169
1.652344 2.332031 1.134636 180 162 162
1.645461 2.378906 1.144531 177 159 166
1.652344 2.410156 1.146293 176 159 166
1.649526 2.457031 1.152344 173 157 166
1.652344 2.488281 1.155522 172 156 165
1.652344 2.519699 1.160156 170 155 168
1.652344 2.566406 1.166053 169 155 164
1.652344 2.613281 1.170045 167 154 166
1.655353 1.136719 0.972656 148 132 140
1.660156 1.161673 0.972656 150 133 142
1.657036 1.207031 0.980469 153 136 145
1.660156 1.246094 0.984349 156 138 148
1.660156 1.277344 0.988839 158 140 150
1.656649 1.324219 0.996094 162 143 152
1.660156 1.355469 0.997965 165 145 153
1.657790 1.394531 1.003906 169 148 156
1.654417 1.441406 1.011719 172 150 159
1.660156 1.472656 1.014053 176 154 162
1.660156 1.511719 1.019103 179 156 164
1.656607 1.558594 1.027344 183 160 165
1.660156 1.597656 1.031585 187 163 168
1.660156 1.628906 1.035919 190 165 169
1.660156 1.673309 1.042969 193 168 172
1.657013 1.722656 1.050781 136 135 71
1.655178 1.769531 1.058594 177 164 136
1.660156 1.800781 1.060765 196 172 171
1.660156 1.839844 1.065232 197 173 172
1.658014 1.886719 1.074219 197 174 172
1.660156 1.925781 1.078656 198 174 172
1.660156 1.957031 1.082092 197 174 173
1.660156 2.003906 1.088488 197 173 172
1.652829 2.058594 1.097656 194 172 170
1.660156 2.087733 1.097656 168 154 131
1.660156 2.128906 1.103336 114 123 36
1.660156 2.167969 1.108250 118 119 38
1.659910 2.207031 1.113281 188 168 172
1.655960 2.246094 1.121094 185 165 170
1.660156 2.285156 1.124585 183 164 169
1.659822 2.324219 1.128906 179 161 169
1.660156 2.355469 1.133754 104 114 66
1.660156 2.394531 1.138965 177 160 168
1.660156 2.425781 1.144010 175 158 170
1.656926 2.480469 1.152344 172 157 166
1.660156 2.519531 1.156545 171 156 165
1.660156 2.550781 1.160389 169 155 165
1.660156 2.589844 1.166198 168 153 170
1.660156 2.621094 1.165657 166 152 164
1.663290 1.167969 0.972656 150 134 144
1.667969 1.199219 0.975473 153 135 144
1.667969 1.238281 0.979271 156 139 147
1.663242 1.285156 0.988281 158 140 148
1.667969 1.324219 0.991017 163 143 151
1.667969 1.363281 0.995009 167 146 155
1.667969 1.402344 1.000543 170 149 158
1.667969 1.433594 1.004578 172 151 157
1.666604 1.480469 1.011719 177 154 161
1.667969 1.519531 1.016882 180 157 164
1.667969 1.558594 1.021826 184 160 166
1.667691 1.597656 1.027344 188 164 169
1.664853 1.636719 1.035156 191 166 169
1.660826 1.675781 1.042969 194 169 172
1.667969 1.704541 1.042969 119 124 42
1.667658 1.746094 1.050781 193 176 168
1.662320 1.792969 1.058594 197 172 172
1.667969 1.824219 1.059783 198 174 173
1.667969 1.863281 1.065876 198 174 173
1.667969 1.902344 1.072289 199 175 173
1.667969 1.941406 1.076571 199 175 175
1.666711 1.980469 1.082031 199 176 174
1.661575 2.019531 1.089844 124 126 41
1.667540 2.050781 1.089844 197 173 172
1.667969 2.089844 1.093582 121 129 33
1.667969 2.121094 1.098084 137 139 70
1.666213 2.167969 1.105469 120 120 38
1.663139 2.214844 1.113281 188 167 170
1.667969 2.253906 1.117121 185 165 171
1.667969 2.285156 1.121871 184 165 172
1.665159 2.339844 1.128906 142 136 85
1.661746 2.378906 1.136719 179 160 167
1.667969 2.410156 1.137859 176 159 168
1.667969 2.449219 1.142772 174 158 167
1.661067 2.496094 1.152344 172 156 166
1.667969 2.525394 1.152344 172 157 166
1.666541 2.566406 1.160156 170 155 172
1.667969 2.613281 1.163933 169 155 168
1.673324 1.144531 0.964844 150 134 140
1.670905 1.191406 0.972656 152 135 144
1.675781 1.230469 0.974799 155 137 146
1.675781 1.267542 0.980469 159 140 149
1.675781 1.308594 0.985014 162 143 151
1.675781 1.339844 0.988984 164 144 153
1.675781 1.386719 0.994814 168 147 157
1.669291 1.433594 1.003906 172 151 157
1.675781 1.464844 1.005679 176 154 161
1.675781 1.503906 1.011075 180 157 162
1.670598 1.550781 1.019531 183 160 166
1.675781 1.582031 1.021353 187 163 167
1.675781 1.621094 1.028146 190 166 168
1.675469 1.667969 1.035156 196 173 177
1.675781 1.707031 1.040364 111 121 52
1.670565 1.753906 1.050781 196 173 176
1.675781 1.778346 1.050781 197 173 171
1.675781 1.824219 1.056753 198 174 173
1.669567 1.871094 1.066406 199 175 174
1.675781 1.902344 1.068654 200 176 175
1.675781 1.941406 1.072866 199 175 174
1.668008 1.988281 1.082031 198 175 172
1.675205 2.019531 1.082031 125 125 40
1.675781 2.058594 1.085783 174 158 134
1.675781 2.089844 1.089540 120 128 51
1.675781 2.128906 1.095554 193 172 173
1.675781 2.167969 1.100823 124 122 46
1.675781 2.199219 1.105721 190 169 173
1.674383 2.246094 1.113281 186 167 171
1.675781 2.285156 1.117378 184 165 170
1.675781 2.316406 1.121233 181 163 168
1.675781 2.363281 1.126709 127 128 125
1.675781 2.402344 1.132959 177 160 168
1.675781 2.433594 1.137374 175 159 169
1.672867 2.480469 1.144531 173 157 166
1.668085 2.527344 1.152344 171 157 166
1.674962 2.558594 1.152344 170 155 165
1.668101 2.589844 1.160156 169 155 166
1.675781 2.621094 1.162893 169 154 172
1.683594 1.144892 0.957031 149 133 141
1.683594 1.175781 0.963767 151 134 145
1.678240 1.214844 0.972656 154 137 146
1.683594 1.246094 0.974145 157 139 147
1.683594 1.285156 0.978803 160 141 150
1.683594 1.324219 0.983372 164 144 152
1.680872 1.363281 0.988281 167 146 156
1.677635 1.402344 0.996094 171 149 157
1.683594 1.429022 0.996094 174 152 159
1.680745 1.472656 1.003906 177 155 161
1.676899 1.511719 1.011719 181 157 164
1.683594 1.537205 1.011719 183 160 165
1.683594 1.582031 1.017607 188 164 167
1.683594 1.621094 1.024073 191 166 169
1.683594 1.660156 1.028967 180 161 155
1.682904 1.699219 1.035156 109 121 48
1.683594 1.730469 1.041768 143 139 132
1.678155 1.785156 1.050781 197 174 172
1.683594 1.824219 1.053916 199 175 172
1.683594 1.859153 1.058594 200 176 174
1.683594 1.902344 1.064963 200 177 175
1.683594 1.949219 1.070114 200 177 174
1.683594 1.980469 1.073834 200 176 175
1.683594 2.027344 1.079127 126 134 53
1.683594 2.058594 1.082120 125 130 32
1.683594 2.105469 1.088677 198 179 182
1.677535 2.152344 1.097656 192 170 171
1.683594 2.183594 1.099575 114 123 61
1.683265 2.222656 1.105469 189 169 172
1.678963 2.261719 1.113281 186 167 171
1.683594 2.292969 1.115266 184 165 172
1.683594 2.332031 1.119845 121 120 65
1.677785 2.378906 1.128906 179 161 168
1.683594 2.410156 1.130152 177 160 168
1.683594 2.449219 1.135917 175 158 168
1.678196 2.496094 1.144531 173 157 168
1.683594 2.527344 1.145400 173 157 169
1.683594 2.574219 1.150849 169 155 164
1.680788 2.621094 1.160156 168 153 175
1.691406 1.160156 0.957075 152 135 142
1.691264 1.207031 0.964844 154 138 144
1.686643 1.246094 0.972656 158 139 147
1.691406 1.277344 0.974047 161 142 150
1.688206 1.324219 0.980469 164 144 153
1.691406 1.363281 0.984022 168 147 155
1.691406 1.395778 0.988281 171 150 156
1.691406 1.441406 0.994354 175 153 161
1.684232 1.488281 1.003906 179 156 163
1.691406 1.519531 1.005954 182 159 165
1.691406 1.558594 1.011062 186 162 166
1.686598 1.605469 1.019531 190 166 169
1.683804 1.644531 1.027344 194 169 172
1.691406 1.671883 1.027344 123 131 49
1.691406 1.714844 1.034795 124 130 45
1.685917 1.753906 1.042969 190 170 170
1.691406 1.785156 1.044689 199 174 174
1.691406 1.822027 1.050781 200 176 173
1.686966 1.871094 1.058594 201 177 175
1.691406 1.910156 1.062404 201 178 175
1.691406 1.941406 1.065705 200 177 174
1.691406 1.988281 1.071542 200 177 173
1.691406 2.027344 1.075251 118 129 41
1.689992 2.074219 1.082031 125 131 41
1.684889 2.121094 1.089844 195 173 172
1.691406 2.146581 1.089844 193 172 172
1.688975 2.191406 1.097656 171 164 158
1.685590 2.230469 1.105469 188 168 172
1.691406 2.261719 1.107692 186 167 170
1.691406 2.300781 1.112779 187 169 177
1.691406 2.347656 1.118727 96 107 43
1.691406 2.394531 1.125123 180 162 171
1.691406 2.425781 1.128611 177 160 168
1.691406 2.464844 1.133846 176 159 170
1.691406 2.503906 1.138588 174 158 169
1.688016 2.542969 1.144531 172 157 168
1.691406 2.582031 1.149253 171 155 171
1.691406 2.613281 1.151839 172 157 173
1.699219 1.152344 0.952411 151 135 142
1.699219 1.183594 0.956645 153 136 145
1.699219 1.222656 0.962633 155 138 145
1.691863 1.269531 0.972656 159 141 148
1.698637 1.300781 0.972656 162 143 151
1.699219 1.339844 0.977521 166 145 154
1.699219 1.371094 0.981476 170 149 155
1.697220 1.417969 0.988281 173 151 159
1.699219 1.457031 0.992984 176 154 159
1.699219 1.496094 0.999009 181 158 162
1.699219 1.534507 1.003906 184 161 164
1.699219 1.574219 1.009748 188 163 167
1.691975 1.621094 1.019531 192 167 170
1.699219 1.652344 1.021495 123 130 43
1.699219 1.691406 1.027899 199 179 175
1.696927 1.738281 1.035156 123 131 56
1.692556 1.777344 1.042969 199 175 174
1.699219 1.808594 1.044793 201 176 173
1.696494 1.847656 1.050781 201 177 175
1.699219 1.886719 1.055199 201 177 174
1.699219 1.925781 1.061394 201 178 175
1.699219 1.964844 1.065166 201 178 175
1.699219 2.011719 1.070866 204 181 173
1.699219 2.042969 1.073619 115 125 50
1.695287 2.089844 1.082031 198 178 176
1.699219 2.121094 1.083454 195 174 174
1.699219 2.167749 1.089844 144 136 71
1.695311 2.214844 1.097656 189 169 172
1.692676 2.253906 1.105469 187 168 171
1.699219 2.285156 1.106615 189 172 177
1.699219 2.324219 1.111495 110 120 54
1.699219 2.363281 1.116623 116 121 90
1.699219 2.394531 1.121283 180 163 169
1.699219 2.441406 1.126287 177 160 171
1.699219 2.480469 1.131999 175 159 167
1.699219 2.511719 1.136460 173 157 168
1.694112 2.558594 1.144531 172 157 168
1.698713 2.589844 1.144531 171 155 174
1.704704 1.144531 0.949219 151 134 141
1.707031 1.183594 0.953132 153 137 143
1.707031 1.214844 0.957863 156 139 144
1.707031 1.253906 0.964089 160 141 148
1.707031 1.300781 0.969181 163 144 151
1.707031 1.332031 0.973104 166 146 151
1.707031 1.378906 0.978919 170 149 155
1.699888 1.425781 0.988281 174 152 158
1.707031 1.457031 0.989313 178 155 161
1.707031 1.496094 0.995273 181 158 162
1.702067 1.542969 1.003906 185 161 164
1.707031 1.582031 1.007188 189 164 168
1.707031 1.613281 1.011865 191 169 169
1.707031 1.658900 1.019531 121 126 40
1.707031 1.699219 1.025144 198 173 172
1.707031 1.738281 1.030722 135 133 24
1.707031 1.772043 1.035156 124 131 68
1.704408 1.816406 1.042969 201 177 174
1.707031 1.855469 1.046931 203 179 175
1.707031 1.886719 1.051037 201 177 174
1.707031 1.925781 1.057385 203 179 175
1.707031 1.972656 1.063909 203 179 177
1.707031 2.003906 1.066754 202 179 174
1.702890 2.058594 1.074219 138 141 76
1.707031 2.097656 1.076973 198 176 172
1.706180 2.136719 1.082031 196 174 173
1.701351 2.175781 1.089844 119 127 44
1.707031 2.207031 1.091311 192 171 174
1.707031 2.246094 1.097228 189 169 174
1.707031 2.285156 1.101520 117 115 57
1.707031 2.316406 1.106374 108 120 48
1.707031 2.355469 1.110776 109 120 55
1.707031 2.394531 1.116953 181 163 170
1.707031 2.425781 1.120667 179 161 171
1.702519 2.472656 1.128906 176 159 170
1.707031 2.511719 1.131699 174 158 169
1.707031 2.550781 1.138093 173 158 170
1.707031 2.605469 1.142572 170 156 164
1.714844 1.152344 0.947402 152 135 143
1.714844 1.183594 0.949388 154 137 144
1.713871 1.230469 0.957031 157 139 147
1.714844 1.269531 0.962032 161 143 149
1.714844 1.308594 0.967408 164 145 150
1.714844 1.347656 0.971744 168 147 154
1.714844 1.394531 0.977563 173 151 156
1.714844 1.433594 0.982848 176 153 158
1.713498 1.472656 0.988281 180 157 162
1.710859 1.511719 0.996094 183 159 164
1.714844 1.542969 0.998465 187 162 166
1.714270 1.582031 1.003906 191 166 169
1.709790 1.621094 1.011719 149 141 96
1.707638 1.660156 1.019531 126 129 48
1.714844 1.691406 1.020812 199 173 172
1.714816 1.738281 1.027344 206 181 154
1.714844 1.777344 1.032548 125 135 44
1.714844 1.816406 1.037974 205 184 182
1.714844 1.847656 1.042649 203 178 175
1.710061 1.894531 1.050781 203 178 175
1.707298 1.933594 1.058594 202 179 174
1.714844 1.960725 1.058594 203 179 176
1.708977 2.011719 1.066406 205 181 175
1.714449 2.042969 1.066406 115 126 41
1.708748 2.082031 1.074219 190 173 171
1.714844 2.105915 1.074219 199 176 174
1.714844 2.152344 1.079885 196 175 173
1.707178 2.199219 1.089844 193 174 177
1.714844 2.230469 1.091044 191 170 176
1.714844 2.269531 1.096311 117 116 49
1.708982 2.316406 1.105469 120 128 66
1.714844 2.340569 1.105469 172 158 136
1.712034 2.386719 1.113281 182 164 171
1.714844 2.425781 1.116694 179 162 172
1.714844 2.457031 1.121786 177 160 169
1.710531 2.503906 1.128906 175 159 170
1.707128 2.535156 1.136719 174 159 169
1.714844 2.564518 1.136719 173 158 169
1.707642 2.621094 1.144531 170 157 166
1.722656 1.183594 0.946327 154 137 144
1.722656 1.222656 0.952310 158 140 146
1.722656 1.255278 0.957031 161 142 148
1.722656 1.300781 0.962696 165 145 150
1.722656 1.339844 0.967417 168 147 154
1.721024 1.378906 0.972656 171 149 156
1.716135 1.417969 0.980469 174 152 159
1.722656 1.444536 0.980469 177 154 159
1.722656 1.488281 0.986912 182 158 163
1.716986 1.535156 0.996094 186 162 165
1.722656 1.574219 0.999181 191 165 169
1.722656 1.608276 1.003906 120 126 39
1.721577 1.652344 1.011719 190 170 163
1.717437 1.691406 1.019531 199 173 173
1.722656 1.722656 1.021851 200 175 174
1.722656 1.761719 1.027507 197 177 103
1.722656 1.808594 1.033561 123 129 73
1.715910 1.855469 1.042969 203 178 174
1.722656 1.880488 1.042969 204 180 176
1.719830 1.925781 1.050781 204 180 176
1.715758 1.964844 1.058594 203 180 176
1.721683 1.996094 1.058594 203 180 176
1.722656 2.042969 1.062884 131 137 40
1.722656 2.074219 1.066199 122 132 45
1.718684 2.121094 1.074219 198 176 176
1.722656 2.152344 1.076084 196 174 176
1.722656 2.190343 1.082031 133 134 99
1.722656 2.230469 1.087281 193 172 178
1.722656 2.269531 1.092253 118 125 60
1.722656 2.304548 1.097656 173 165 152
1.718493 2.355469 1.105469 109 120 56
1.722656 2.394531 1.109213 182 164 173
1.722656 2.425781 1.113299 181 164 171
1.718803 2.472656 1.121094 177 160 171
1.722656 2.503906 1.122962 176 160 170
1.722656 2.542969 1.127452 175 160 171
1.722656 2.574219 1.132741 173 158 168
1.722656 2.613281 1.138955 173 160 167
1.730469 1.160156 0.941238 153 136 141
1.724246 1.207031 0.949219 157 139 147
1.730469 1.246094 0.952192 161 141 148
1.730469 1.284723 0.957031 164 144 150
1.726462 1.332031 0.964844 167 146 153
1.730469 1.363281 0.965991 171 149 155
1.729839 1.410156 0.972656 175 152 159
1.730469 1.449219 0.977267 178 154 161
1.730469 1.488281 0.983540 182 158 163
1.730469 1.522455 0.988281 186 161 164
1.726706 1.566406 0.996094 191 167 170
1.730469 1.597656 0.998971 122 128 47
1.730469 1.636719 1.005233 197 176 176
1.730469 1.675781 1.010368 199 173 172
1.730469 1.714844 1.017711 201 175 174
1.722983 1.761719 1.027344 197 177 106
1.730469 1.792969 1.028624 129 129 13
1.728207 1.839844 1.035156 186 170 174
1.730469 1.878906 1.038940 204 180 176
1.730469 1.910156 1.043811 205 181 176
1.727899 1.957031 1.050781 205 181 177
1.730469 1.996094 1.054649 204 180 176
1.730469 2.027344 1.058369 130 136 38
1.724442 2.082031 1.066406 123 130 56
1.730469 2.107770 1.066406 128 131 88
1.730469 2.152344 1.072166 197 174 176
1.730469 2.191406 1.077706 133 133 102
1.730469 2.222656 1.082132 194 175 178
1.730469 2.269003 1.089844 113 123 50
1.726684 2.316406 1.097656 184 166 174
1.730469 2.355469 1.100318 111 121 56
1.729310 2.394531 1.105469 182 164 172
1.725091 2.433594 1.113281 179 162 171
1.730469 2.464844 1.114284 178 161 171
1.727559 2.511719 1.121094 175 159 170
1.730469 2.550781 1.124301 174 159 170
1.730469 2.582031 1.129454 172 159 166
1.730469 2.618121 1.136719 173 156 173
1.738281 1.160156 0.938271 153 136 138
1.738281 1.198421 0.941406 157 139 146
1.735324 1.238281 0.949219 160 141 147
1.738281 1.277344 0.951662 164 144 150
1.738281 1.308594 0.956337 166 145 153
1.738281 1.355469 0.961207 171 149 155
1.738281 1.386719 0.964485 174 152 159
1.738281 1.425781 0.970698 177 154 159
1.738281 1.464844 0.975675 180 157 162
1.738281 1.496094 0.980758 184 159 165
1.737066 1.542969 0.988281 189 164 167
1.733472 1.589844 0.996094 121 124 47
1.731268 1.628906 1.003906 184 171 142
1.738281 1.656114 1.003906 198 173 172
1.738281 1.699219 1.011007 200 175 174
1.738281 1.738281 1.016433 202 177 175
1.730976 1.785156 1.027344 166 153 53
1.738281 1.811579 1.027344 134 135 26
1.733707 1.863281 1.035156 205 183 182
1.738281 1.902344 1.038664 206 182 177
1.738281 1.933594 1.042803 205 182 177
1.734188 1.980469 1.050781 204 180 176
1.738281 2.019531 1.053963 192 173 133
1.735887 2.058594 1.058594 197 176 146
1.738281 2.097656 1.062249 124 131 40
1.737798 2.136719 1.066406 172 161 164
1.732630 2.175781 1.074219 123 127 41
1.738281 2.207031 1.075805 195 175 179
1.738281 2.243753 1.082031 117 126 57
1.734825 2.285156 1.089844 177 165 156
1.738281 2.324219 1.093657 184 166 174
1.738281 2.355469 1.096536 112 122 54
1.732264 2.402344 1.105469 182 164 173
1.738281 2.429755 1.105469 181 163 172
1.734678 2.472656 1.113281 177 160 172
1.738281 2.503906 1.114707 177 161 170
1.738281 2.542969 1.119696 176 160 173
1.731508 2.582031 1.128906 172 159 167
1.738281 2.608094 1.128906 173 157 174
1.746094 1.157179 0.933594 154 137 142
1.740338 1.207031 0.941406 157 139 147
1.746094 1.238281 0.942834 161 142 149
1.743228 1.277344 0.949219 164 144 151
1.738666 1.316406 0.957031 166 146 152
1.744224 1.347656 0.957031 170 149 155
1.739676 1.394531 0.964844 174 152 157
1.746094 1.425781 0.966922 177 154 160
1.746094 1.464844 0.972073 181 158 161
1.746094 1.503906 0.977554 185 160 165
1.746094 1.542969 0.983222 183 162 165
1.746094 1.574219 0.987922 120 128 50
1.746094 1.613281 0.993790 197 173 174
1.746094 1.652344 0.999515 198 173 173
1.746094 1.683594 1.004751 201 176 174
1.746094 1.722656 1.010003 203 177 175
1.740295 1.761719 1.019531 203 178 174
1.746094 1.792969 1.020631 205 180 174
1.746094 1.832031 1.026120 131 137 30
1.738501 1.878906 1.035156 206 181 176
1.746094 1.902685 1.035156 206 182 176
1.746094 1.949219 1.041706 205 182 176
1.739357 1.996094 1.050781 205 181 178
1.745976 2.027344 1.050781 126 131 31
1.739042 2.074219 1.058594 198 179 112
1.746094 2.105469 1.059485 132 132 16
1.746094 2.152344 1.063904 164 155 157
1.746094 2.191406 1.069970 128 133 82
1.746094 2.222656 1.074746 119 127 55
1.746094 2.261719 1.081445 192 176 187
1.741225 2.308594 1.089844 186 167 175
1.746094 2.339844 1.090761 187 169 163
1.744363 2.386719 1.097656 183 165 172
1.739284 2.433594 1.105469 180 163 172
1.746094 2.464844 1.106952 178 161 172
1.743381 2.511719 1.113281 177 161 171
1.746094 2.558594 1.118267 174 159 171
1.746094 2.597211 1.121094 175 159 177
1.753184 1.144531 0.925781 153 137 141
1.749186 1.175781 0.933594 154 138 144
1.753906 1.214844 0.936063 159 140 148
1.753790 1.253906 0.941406 163 143 151
1.753906 1.292969 0.946316 166 145 151
1.753906 1.324219 0.949519 168 147 152
1.751142 1.371094 0.957031 173 151 156
1.753906 1.410156 0.960708 177 154 159
1.753906 1.441406 0.965770 178 155 160
1.751900 1.488281 0.972656 184 160 163
1.753906 1.527344 0.977231 183 162 163
1.753906 1.566406 0.983442 122 130 47
1.753906 1.605469 0.989322 195 170 167
1.753787 1.652344 0.996094 199 174 173
1.749855 1.691406 1.003906 202 176 174
1.753906 1.730469 1.008250 203 178 174
1.753906 1.761719 1.012464 205 180 175
1.753906 1.800781 1.017255 206 181 175
1.746663 1.847656 1.027344 131 139 42
1.752834 1.878906 1.027344 138 139 91
1.750989 1.917969 1.035156 206 182 177
1.748456 1.964844 1.042969 206 182 177
1.753906 1.990534 1.042969 206 183 179
1.750016 2.042969 1.050781 131 135 76
1.753906 2.074219 1.052450 203 180 177
1.753906 2.113281 1.057132 184 169 78
1.753906 2.160156 1.062412 122 124 81
1.753906 2.194545 1.066406 114 125 46
1.753906 2.237512 1.074219 174 168 136
1.753906 2.277344 1.078450 189 170 173
1.753906 2.308594 1.081646 187 169 174
1.749077 2.347656 1.089844 125 122 59
1.753906 2.378906 1.091083 185 169 175
1.753906 2.417090 1.097656 181 163 172
1.748640 2.464844 1.105469 178 161 172
1.753786 2.496094 1.105469 178 161 173
1.753906 2.527344 1.109518 177 161 174
1.753906 2.558594 1.114694 175 159 175
1.753906 2.605469 1.115001 172 155 174
1.761719 1.175781 0.928025 155 139 141
1.758367 1.214844 0.933594 159 140 147
1.761719 1.253906 0.936927 163 143 150
1.761719 1.285156 0.942187 165 145 151
1.761719 1.332031 0.947220 169 149 154
1.761719 1.378906 0.953345 174 152 157
1.761719 1.410156 0.957299 177 155 159
1.759412 1.457031 0.964844 180 157 161
1.761719 1.496094 0.969211 186 161 163
1.761719 1.527344 0.973300 127 124 61
1.761719 1.566406 0.980333 141 138 74
1.761719 1.605469 0.986170 196 170 171
1.761719 1.644531 0.990998 199 174 173
1.761719 1.683594 0.997371 202 176 174
1.761719 1.722656 1.003793 203 177 174
1.757423 1.769531 1.011719 205 180 175
1.761719 1.808594 1.014958 207 182 177
1.761719 1.839844 1.019318 215 188 168
1.761719 1.886719 1.024313 128 140 38
1.754021 1.925781 1.035156 207 183 177
1.761719 1.955762 1.035156 208 184 179
1.756999 2.003906 1.042969 206 183 177
1.761719 2.042969 1.045003 126 132 61
1.761719 2.082031 1.049668 203 180 178
1.754538 2.128906 1.058594 127 129 33
1.761719 2.158714 1.058594 120 130 42
1.758404 2.207031 1.066406 120 129 46
1.755287 2.246094 1.074219 194 177 186
1.761719 2.274446 1.074219 190 171 176
1.757815 2.324219 1.082031 185 167 175
1.761719 2.363281 1.085780 112 122 64
1.761719 2.394531 1.090405 184 166 176
1.761719 2.433594 1.094836 182 165 175
1.761719 2.464844 1.097502 179 162 171
1.757516 2.511719 1.105469 178 161 174
1.761719 2.542969 1.107214 176 160 172
1.757764 2.582031 1.113281 174 158 173
1.763066 1.160156 0.925781 154 136 143
1.769531 1.188933 0.925781 157 140 146
1.766398 1.238281 0.933594 161 142 148
1.769531 1.277344 0.937271 165 145 150
1.769531 1.308594 0.941370 168 147 152
1.763420 1.355469 0.949219 171 150 156
1.769531 1.386719 0.950931 175 153 157
1.769531 1.425781 0.955798 178 155 158
1.763821 1.472656 0.964844 183 159 162
1.769531 1.503906 0.966486 169 151 141
1.769531 1.542969 0.972613 118 124 36
1.769531 1.582031 0.978809 195 169 170
1.763136 1.628906 0.988281 198 173 172
1.769531 1.660156 0.990254 202 177 175
1.769531 1.697106 0.996094 204 179 176
1.769531 1.738281 1.002272 205 180 176
1.761832 1.785156 1.011719 206 181 177
1.769531 1.811233 1.011719 207 182 177
1.769531 1.855469 1.018171 215 188 170
1.769531 1.902344 1.023302 129 138 45
1.769531 1.933594 1.028082 210 190 188
1.769531 1.972656 1.033071 207 183 178
1.769531 2.011719 1.038018 207 183 179
1.769531 2.042969 1.041569 125 132 57
1.769531 2.082031 1.045995 204 181 179
1.767757 2.121094 1.050781 203 181 173
1.769531 2.160156 1.054782 114 123 40
1.769531 2.191406 1.059464 108 119 46
1.769531 2.230469 1.065552 195 173 176
1.762124 2.277344 1.074219 189 170 176
1.769531 2.301676 1.074219 188 169 175
1.769531 2.347656 1.079613 140 134 78
1.769531 2.386719 1.084321 185 167 174
1.769531 2.417969 1.089123 184 166 176
1.769531 2.464844 1.093490 180 163 172
1.769531 2.496094 1.097560 179 163 173
1.764460 2.542969 1.105469 176 161 172
1.769531 2.574219 1.108785 175 160 169
1.777344 1.144531 0.918004 150 135 130
1.773581 1.199219 0.925781 158 140 145
1.777344 1.238281 0.928739 162 142 149
1.777143 1.277344 0.933594 165 146 148
1.777344 1.316406 0.938622 169 148 152
1.777344 1.355469 0.942898 172 151 156
1.777344 1.394531 0.948602 176 154 157
1.777344 1.433594 0.953599 179 156 159
1.777344 1.464844 0.957342 184 159 161
1.776708 1.511719 0.964844 120 125 46
1.777344 1.550781 0.970158 192 171 170
1.777344 1.589844 0.976043 195 169 170
1.777344 1.621094 0.981230 199 173 173
1.775996 1.667969 0.988281 202 176 174
1.772887 1.707031 0.996094 205 179 176
1.777344 1.746094 0.999617 206 180 177
1.777344 1.777344 1.003486 207 181 177
1.773311 1.824219 1.011719 208 183 178
1.777344 1.863281 1.015996 210 183 177
1.777344 1.894531 1.019641 136 133 13
1.777344 1.941406 1.024556 176 165 165
1.777344 1.988281 1.031153 208 184 179
1.777344 2.019531 1.034828 212 187 177
1.777344 2.066406 1.040027 204 182 180
1.777344 2.097656 1.043091 203 181 180
1.773085 2.144531 1.050781 157 152 79
1.777344 2.175781 1.052616 110 117 35
1.777344 2.214528 1.058594 120 123 95
1.777344 2.253906 1.065157 193 172 178
1.777344 2.300781 1.070749 189 170 177
1.777344 2.332031 1.074266 186 168 175
1.777344 2.378906 1.079546 185 170 177
1.777344 2.417969 1.084573 183 166 174
1.775381 2.457031 1.089844 181 164 174
1.771999 2.503906 1.097656 178 162 174
1.777344 2.542969 1.099228 178 162 174
1.777344 2.582031 1.102589 175 160 175
1.785156 1.152344 0.918157 153 136 147
1.777871 1.214844 0.925781 159 140 146
1.784653 1.246094 0.925781 163 143 146
1.785156 1.285156 0.930279 167 146 151
1.785156 1.316406 0.934711 169 148 153
1.785156 1.355469 0.938948 172 150 156
1.785156 1.394531 0.944052 177 154 158
1.785144 1.433594 0.949219 180 158 159
1.780118 1.472656 0.957031 182 159 160
1.785156 1.503906 0.959458 117 124 48
1.785156 1.541289 0.964844 191 168 169
1.785156 1.582031 0.970440 195 170 170
1.785156 1.621094 0.977356 199 174 173
1.785156 1.660156 0.982719 202 176 173
1.785156 1.695003 0.988281 204 179 176
1.782414 1.738281 0.996094 205 180 176
1.785156 1.777344 0.999887 207 182 178
1.785156 1.808594 1.004193 209 183 178
1.783781 1.855469 1.011719 209 184 179
1.785156 1.894531 1.015900 218 191 155
1.785156 1.925781 1.019148 133 141 50
1.785156 1.964844 1.024450 207 190 191
1.785156 1.996094 1.028082 210 185 181
1.781710 2.042969 1.035156 127 135 49
1.785156 2.074219 1.036580 205 183 179
1.785156 2.113281 1.040601 193 175 163
1.785156 2.160156 1.047094 122 129 33
1.785156 2.191406 1.051051 113 123 42
1.785156 2.230469 1.056867 116 120 87
1.785156 2.269531 1.062525 191 171 176
1.785156 2.300781 1.066847 190 171 177
1.781893 2.347656 1.074219 153 144 93
1.785156 2.378906 1.075273 187 171 179
1.785156 2.417969 1.080905 184 167 174
1.778214 2.464844 1.089844 180 163 172
1.785156 2.491539 1.089844 180 163 174
1.779070 2.535156 1.097656 178 162 172
1.783427 2.566406 1.097656 176 161 175
1.786446 1.160156 0.917969 155 137 148
1.792969 1.183594 0.914975 157 139 146
1.792969 1.214844 0.917820 161 142 147
1.789716 1.261719 0.925781 166 145 150
1.792969 1.300781 0.928452 168 146 153
1.792969 1.337927 0.933594 170 149 154
1.788528 1.386719 0.941406 176 153 159
1.792969 1.417969 0.943228 179 156 160
1.792969 1.457031 0.948607 180 159 162
1.789940 1.503906 0.957031 117 123 42
1.785900 1.542969 0.964844 192 168 169
1.792969 1.571391 0.964844 195 169 170
1.790995 1.613281 0.972656 198 173 171
1.788098 1.652344 0.980469 202 176 173
1.792969 1.683594 0.982593 204 178 175
1.792969 1.720378 0.988281 206 181 176
1.792969 1.761719 0.993356 208 182 178
1.792969 1.800781 0.999334 209 183 179
1.792969 1.832031 1.003685 209 184 178
1.792969 1.871094 1.008877 210 185 179
1.792969 1.902344 1.012773 212 187 181
1.790868 1.949219 1.019531 132 139 60
1.792969 1.980469 1.022153 203 187 189
1.792781 2.019531 1.027344 212 188 181
1.786773 2.066406 1.035156 205 183 178
1.792969 2.092532 1.035156 206 184 179
1.792969 2.136719 1.040174 124 134 38
1.792969 2.175781 1.045930 161 149 83
1.792969 2.214763 1.050781 118 120 20
1.792969 2.253906 1.055302 137 134 129
1.792969 2.292969 1.061078 190 171 177
1.792969 2.324219 1.065246 186 169 176
1.785838 2.371094 1.074219 146 145 131
1.792969 2.402344 1.075247 185 168 176
1.790840 2.449219 1.082031 181 164 173
1.792969 2.488281 1.086084 181 164 174
1.792969 2.519531 1.090112 179 162 175
1.792969 2.574219 1.092621 178 162 177
1.795252 1.160156 0.910156 156 140 141
1.800781 1.191036 0.910156 157 139 147
1.800781 1.230469 0.916415 161 142 148
1.793317 1.277344 0.925781 167 146 152
1.800244 1.308594 0.925781 168 147 152
1.794742 1.347656 0.933594 172 150 156
1.800781 1.378906 0.934089 175 153 159
1.799688 1.425781 0.941406 181 157 160
1.800781 1.464844 0.946354 113 119 37
1.800781 1.503906 0.951759 181 165 150
1.800781 1.542433 0.957031 192 167 168
1.800781 1.582031 0.962700 196 171 170
1.800781 1.621094 0.969292 201 175 175
1.800781 1.652344 0.974189 203 178 175
1.800781 1.691406 0.980023 205 179 176
1.800781 1.730469 0.985327 208 182 177
1.800781 1.769531 0.990501 209 184 178
1.800295 1.808594 0.996094 210 184 176
1.796066 1.847656 1.003906 210 186 179
1.800781 1.878906 1.006062 211 186 179
1.800781 1.917969 1.011035 212 186 182
1.796198 1.972656 1.019531 150 149 106
1.800781 2.003906 1.021556 211 193 190
1.800781 2.042969 1.025597 129 139 45
1.800781 2.089844 1.031526 136 130 51
1.800781 2.121094 1.035461 125 134 38
1.800781 2.167969 1.040747 203 180 179
1.792989 2.214844 1.050781 118 120 20
1.800781 2.242002 1.050781 117 126 45
1.800781 2.285156 1.055241 189 176 184
1.800781 2.316406 1.059345 189 170 177
1.800781 2.355469 1.064490 116 122 48
1.800781 2.394531 1.069706 186 168 177
1.800781 2.425781 1.073697 184 167 175
1.796995 2.472656 1.082031 181 164 176
1.800781 2.503906 1.083187 181 164 177
1.797974 2.542969 1.089844 178 162 173
1.800781 2.574219 1.092320 177 161 176
1.800890 1.191406 0.910156 157 139 147
1.808594 1.230469 0.912532 163 144 148
1.808594 1.266265 0.917969 166 146 149
1.808594 1.316406 0.923606 171 150 154
1.808594 1.355469 0.927985 174 152 156
1.806394 1.394531 0.933594 178 155 159
1.808594 1.433594 0.937906 164 148 138
1.808594 1.464844 0.942389 115 122 46
1.808594 1.503906 0.948128 189 165 164
1.803512 1.550781 0.957031 193 168 167
1.808594 1.582031 0.959426 197 171 171
1.808594 1.615454 0.964844 200 174 172
1.808594 1.660156 0.971379 204 178 175
1.808594 1.699219 0.976701 206 181 175
1.808594 1.738281 0.983173 208 182 177
1.808594 1.774701 0.988281 210 184 178
1.805416 1.824219 0.996094 210 185 178
1.808594 1.863281 0.999649 212 187 179
1.808594 1.894531 1.004076 212 187 179
1.805092 1.941406 1.011719 188 170 107
1.808594 1.980469 1.014251 131 140 43
1.807022 2.019531 1.019531 215 195 192
1.808594 2.058594 1.023857 214 192 192
1.808594 2.089844 1.028117 131 140 41
1.804620 2.136719 1.035156 182 172 134
1.808594 2.167969 1.036753 203 180 178
1.807222 2.207031 1.042969 202 183 180
1.801957 2.246094 1.050781 118 127 43
1.808594 2.274351 1.050781 116 127 57
1.804116 2.324219 1.058594 188 170 176
1.808594 2.355469 1.060923 117 122 48
1.808594 2.394443 1.066406 187 170 177
1.804745 2.441406 1.074219 184 167 176
1.808594 2.472656 1.077496 182 165 174
1.808594 2.511719 1.082150 180 164 175
1.808594 2.566406 1.087916 177 163 174
1.815793 1.167969 0.902344 157 140 140
1.816364 1.191406 0.902344 159 141 145
1.812217 1.222656 0.910156 161 142 148
1.816406 1.261719 0.913487 166 145 150
1.816406 1.292969 0.917138 170 148 154
1.816406 1.339844 0.923043 172 150 155
1.816406 1.371094 0.926421 176 154 157
1.813698 1.417969 0.933594 173 153 151
1.816406 1.457031 0.937836 115 121 39
1.816406 1.488281 0.942450 188 164 164
1.816406 1.527344 0.947488 192 166 168
1.810600 1.574219 0.957031 197 171 169
1.816406 1.613281 0.961019 201 175 174
1.816406 1.644531 0.965907 203 177 173
1.816406 1.690800 0.972656 208 182 177
1.816406 1.730469 0.978284 208 182 178
1.816406 1.769531 0.983702 210 184 177
1.816406 1.800781 0.987438 211 185 179
1.812003 1.847656 0.996094 212 186 181
1.816406 1.878906 0.998921 213 187 182
1.814647 1.917969 1.003906 212 187 181
1.816406 1.957031 1.008251 216 189 177
1.816406 1.988281 1.011812 137 144 43
1.816406 2.035156 1.016622 138 146 48
1.816406 2.066406 1.020269 134 139 29
1.816406 2.105469 1.026055 173 168 104
1.816406 2.152344 1.030590 203 181 180
1.816406 2.183594 1.035239 124 129 37
1.816406 2.230469 1.042430 196 176 178
1.816406 2.277344 1.048552 116 126 53
1.816406 2.316406 1.051750 179 169 182
1.816023 2.363281 1.058594 113 124 53
1.810501 2.402344 1.066406 187 169 176
1.816406 2.433594 1.067740 185 167 178
1.816406 2.477080 1.074219 183 166 177
1.816406 2.519531 1.078299 180 164 176
1.816406 2.550781 1.080577 179 163 174
1.810537 2.589844 1.089844 177 162 177
1.824219 1.191406 0.899418 159 140 145
1.817458 1.238281 0.910156 164 144 148
1.824219 1.267588 0.910156 168 147 153
1.824219 1.308594 0.915626 170 149 153
1.824219 1.347656 0.920405 174 152 154
1.824219 1.386719 0.925056 179 156 157
1.818003 1.433594 0.933594 113 116 39
1.824219 1.472656 0.936610 186 164 164
1.824219 1.506976 0.941406 190 165 166
1.824219 1.550781 0.947244 195 169 169
1.824219 1.589844 0.953685 199 173 172
1.824219 1.628906 0.959451 203 177 173
1.824219 1.664423 0.964844 205 180 175
1.820389 1.707031 0.972656 208 182 178
1.824219 1.746094 0.976771 210 184 178
1.824219 1.777344 0.980898 211 185 179
1.822698 1.824219 0.988281 213 187 181
1.818982 1.871094 0.996094 212 187 181
1.824219 1.902344 0.997922 213 187 182
1.824219 1.941406 1.001992 213 188 183
1.816581 1.988281 1.011719 139 145 44
1.823082 2.019531 1.011719 136 144 46
1.817935 2.066406 1.019531 134 139 32
1.824219 2.097656 1.021701 210 192 184
1.824219 2.136719 1.026312 205 183 183
1.824219 2.175781 1.030204 194 175 135
1.824219 2.207031 1.035130 202 185 187
1.824219 2.246094 1.040838 196 176 178
1.824219 2.292969 1.046979 114 123 47
1.824219 2.324219 1.049706 122 123 118
1.824219 2.371094 1.055255 125 128 98
1.824219 2.402344 1.060141 187 170 177
1.824219 2.441406 1.065106 184 167 176
1.824219 2.480469 1.070687 182 166 175
1.824219 2.511719 1.074897 181 165 174
1.824219 2.550781 1.077983 179 163 173
1.824219 2.589844 1.085570 178 165 170
1.832031 1.199219 0.897013 161 142 146
1.832031 1.230469 0.901651 164 145 146
1.826710 1.277344 0.910156 169 147 152
1.832031 1.308594 0.911900 171 149 154
1.832031 1.347656 0.916704 173 151 155
1.832031 1.394531 0.921996 148 136 112
1.832031 1.425781 0.926245 115 121 47
1.832031 1.464844 0.931934 185 162 160
1.825077 1.511719 0.941406 191 165 165
1.832031 1.542969 0.942786 194 168 169
1.832031 1.582031 0.948598 199 172 171
1.832031 1.621094 0.954691 203 177 175
1.824887 1.667969 0.964844 206 180 176
1.832031 1.699219 0.965837 209 183 178
1.832031 1.738281 0.971653 210 184 177
1.827191 1.785156 0.980469 212 186 181
1.832031 1.824219 0.983607 212 186 179
1.832031 1.855469 0.988371 213 188 181
1.832031 1.902344 0.993488 213 188 182
1.832031 1.941406 0.998247 213 189 182
1.830614 1.980469 1.003906 214 190 176
1.825255 2.027344 1.011719 129 138 42
1.832031 2.054427 1.011719 117 129 40
1.832031 2.097656 1.017430 208 185 180
1.832031 2.136719 1.022082 206 184 183
1.832031 2.175781 1.027101 200 180 146
1.828588 2.222656 1.035156 198 177 180
1.825256 2.261719 1.042969 200 180 167
1.832031 2.290918 1.042969 164 154 80
1.826128 2.339844 1.050781 173 163 164
1.832031 2.371094 1.051965 118 124 90
1.832031 2.415685 1.058594 187 169 178
1.828315 2.464844 1.066406 183 167 177
1.832031 2.503906 1.069316 181 165 179
1.832031 2.541462 1.074219 179 163 180
1.830689 2.589844 1.082031 177 165 166
1.839844 1.191406 0.892120 161 142 146
1.833876 1.238281 0.902344 164 144 148
1.839844 1.269531 0.903235 168 146 149
1.837065 1.316406 0.910156 171 149 153
1.839844 1.355469 0.913370 176 153 157
1.839844 1.386719 0.917072 124 120 65
1.839844 1.425781 0.922885 136 133 69
1.839844 1.464844 0.928062 187 162 165
1.839695 1.503906 0.933594 190 164 166
1.834933 1.542969 0.941406 194 168 169
1.839844 1.574219 0.943575 198 172 171
1.839844 1.609831 0.949219 202 176 173
1.836008 1.652344 0.957031 206 180 176
1.832297 1.691406 0.964844 207 182 177
1.839844 1.720981 0.964844 210 184 178
1.836358 1.761719 0.972656 212 186 181
1.839844 1.792969 0.974835 212 186 180
1.839844 1.824219 0.979595 214 188 183
1.839844 1.863281 0.985055 214 188 182
1.839844 1.894531 0.988573 215 189 184
1.836536 1.941406 0.996094 213 189 183
1.839844 1.980469 0.999234 215 190 185
1.839844 2.011719 1.002808 145 139 62
1.839844 2.058594 1.008457 124 135 38
1.839844 2.097656 1.013698 209 188 183
1.839844 2.136719 1.018338 206 184 183
1.833905 2.183594 1.027344 127 129 38
1.839844 2.214844 1.028658 200 179 181
1.839844 2.253906 1.032213 195 176 179
1.832688 2.292969 1.042969 156 148 69
1.838616 2.324219 1.042969 116 123 45
1.839844 2.363281 1.047073 107 119 59
1.839844 2.402344 1.053634 188 170 180
1.836669 2.441406 1.058594 185 168 178
1.832501 2.480469 1.066406 183 167 176
1.839844 2.507908 1.066406 182 166 177
1.839844 2.550781 1.073402 180 164 177
1.847656 1.175360 0.886719 159 141 147
1.847656 1.214844 0.892053 162 143 146
1.847656 1.253906 0.897371 167 146 151
1.847656 1.285156 0.900791 170 148 152
1.840678 1.332031 0.910156 173 151 154
1.847656 1.359828 0.910156 170 151 151
1.845618 1.410156 0.917969 124 125 57
1.847656 1.449219 0.921803 185 160 164
1.847656 1.480469 0.925812 189 164 166
1.846376 1.527344 0.933594 193 167 168
1.847656 1.566406 0.938686 198 172 171
1.841170 1.613281 0.949219 202 176 173
1.847656 1.638357 0.949219 205 179 175
1.845555 1.683594 0.957031 209 183 177
1.840396 1.722656 0.964844 211 185 179
1.847656 1.753906 0.965809 211 185 177
1.846208 1.800781 0.972656 213 187 181
1.842617 1.839844 0.980469 215 189 183
1.847656 1.871094 0.982183 216 191 185
1.847656 1.910156 0.986507 215 190 185
1.847656 1.949219 0.992046 214 190 184
1.847656 1.980469 0.995513 220 195 195
1.843136 2.027344 1.003906 127 135 31
1.847656 2.058594 1.005002 137 146 48
1.847656 2.097656 1.009331 181 170 173
1.847656 2.136719 1.015155 207 185 183
1.847656 2.175180 1.019531 207 186 168
1.847656 2.214844 1.024615 199 178 182
1.847656 2.253906 1.029272 197 177 180
1.847656 2.292969 1.035192 194 174 180
1.847656 2.339844 1.040399 116 122 33
1.840660 2.386719 1.050781 188 170 180
1.847656 2.410341 1.050781 188 171 179
1.843794 2.464844 1.058594 184 168 178
1.847656 2.496094 1.059666 184 167 177
1.847656 2.542969 1.070176 180 164 178
1.844047 2.582031 1.074219 179 164 176
1.852520 1.191406 0.886719 161 141 149
1.855469 1.230469 0.890214 164 145 149
1.855469 1.261719 0.894656 168 146 151
1.855469 1.308594 0.900142 172 150 154
1.855469 1.347656 0.905006 165 147 146
1.854313 1.386719 0.910156 114 120 44
1.849583 1.425781 0.917969 184 162 166
1.855469 1.457031 0.919790 185 161 164
1.855469 1.496094 0.924247 191 165 167
1.850926 1.542969 0.933594 195 169 170
1.848280 1.582031 0.941406 199 173 171
1.855469 1.607369 0.941406 202 176 173
1.855469 1.652344 0.947840 206 180 175
1.849565 1.699219 0.957031 210 184 177
1.855469 1.730469 0.959314 211 185 177
1.854770 1.769531 0.964844 213 187 180
1.855469 1.808594 0.969689 214 188 182
1.855469 1.847656 0.974469 216 190 183
1.853677 1.886719 0.980469 216 190 184
1.848285 1.933594 0.988281 215 190 185
1.855469 1.964844 0.989852 219 195 196
1.855469 2.003906 0.994823 136 144 41
1.847984 2.050781 1.003906 120 130 37
1.855469 2.078518 1.003906 132 140 39
1.851826 2.128906 1.011719 208 187 186
1.855469 2.167969 1.014539 203 183 183
1.855469 2.199219 1.019366 128 134 68
1.849820 2.246094 1.027344 198 178 180
1.855469 2.277344 1.029185 195 176 182
1.855306 2.316406 1.035156 192 174 180
1.855469 2.355469 1.039825 112 116 26
1.855469 2.386719 1.043041 190 173 181
1.853939 2.433594 1.050781 187 170 179
1.855469 2.480469 1.056250 185 168 177
1.855469 2.511719 1.059542 183 167 177
1.855469 2.542969 1.062404 181 164 179
1.855469 2.574219 1.066615 179 164 178
1.863281 1.191406 0.882770 162 142 148
1.863281 1.228091 0.886719 165 146 151
1.863281 1.269531 0.892687 170 149 151
1.863281 1.316406 0.898301 173 151 153
1.863281 1.351024 0.902344 113 114 48
1.859527 1.402344 0.910156 168 153 134
1.863281 1.441406 0.914303 185 161 163
1.863281 1.472656 0.918160 188 163 166
1.860859 1.519531 0.925781 193 167 166
1.863281 1.558594 0.930454 198 172 170
1.863281 1.597656 0.935796 201 175 172
1.863281 1.633589 0.941406 205 179 174
1.863281 1.675781 0.948132 209 182 178
1.863281 1.722656 0.954620 211 185 179
1.863281 1.769531 0.961502 214 187 182
1.863281 1.800781 0.965791 215 189 182
1.859555 1.847656 0.972656 216 190 183
1.863281 1.878906 0.974283 216 191 185
1.861853 1.917969 0.980469 217 191 185
1.863281 1.957031 0.984610 186 168 134
1.863281 1.996094 0.990581 132 142 29
1.863281 2.035156 0.994857 134 134 27
1.856278 2.082031 1.003906 131 139 41
1.862760 2.113281 1.003906 133 142 58
1.858917 2.152344 1.011719 206 184 184
1.863281 2.183594 1.013548 142 136 54
1.863281 2.222656 1.018343 200 180 183
1.858017 2.269531 1.027344 195 176 181
1.863281 2.300781 1.028900 193 175 181
1.863281 2.339844 1.034253 193 173 179
1.855634 2.386719 1.042969 190 173 181
1.863281 2.412862 1.042969 188 171 181
1.859911 2.457031 1.050781 185 168 179
1.863281 2.496094 1.053593 184 167 178
1.860914 2.535156 1.058594 182 166 174
1.863281 2.558594 1.059255 182 166 178
1.871094 1.175781 0.877726 160 143 141
1.871094 1.230469 0.883983 165 145 149
1.871094 1.261719 0.888212 168 148 153
1.871094 1.300781 0.893404 172 149 154
1.871094 1.347656 0.897849 111 117 49
1.871094 1.378906 0.901714 173 156 148
1.866420 1.425781 0.910156 184 160 161
1.871094 1.464844 0.913696 188 163 163
1.871094 1.496094 0.917817 191 166 165
1.871094 1.535156 0.923578 196 170 169
1.864028 1.582031 0.933594 200 174 172
1.871094 1.606735 0.933594 204 178 175
1.869523 1.652344 0.941406 207 181 176
1.865533 1.691406 0.949219 210 184 178
1.871094 1.722656 0.950305 212 186 180
1.869256 1.761719 0.957031 213 187 181
1.865210 1.800781 0.964844 215 189 182
1.871094 1.825965 0.964844 216 190 184
1.866985 1.878906 0.972656 217 192 185
1.871094 1.917969 0.976314 216 191 184
1.871094 1.949219 0.980036 137 134 30
1.871094 1.988281 0.986014 137 142 24
1.871094 2.027344 0.990538 218 193 175
1.871094 2.066406 0.994849 212 189 184
1.871094 2.113281 0.999839 130 139 50
1.871094 2.144531 1.003832 149 145 137
1.871094 2.183594 1.008401 145 136 57
1.871094 2.222656 1.013849 200 180 182
1.871094 2.258386 1.019531 197 177 181
1.871094 2.300781 1.025955 193 175 181
1.871094 2.347656 1.031612 195 176 169
1.871094 2.378906 1.035156 163 158 154
1.867026 2.425781 1.042969 187 170 178
1.871094 2.457031 1.044631 186 170 181
1.871094 2.492253 1.050781 185 168 179
1.871094 2.542969 1.054863 181 166 176
1.863916 2.582031 1.058594 179 166 175
1.878906 1.199219 0.876609 162 142 145
1.878906 1.246094 0.882452 167 146 150
1.878906 1.280844 0.886719 171 150 154
1.878906 1.324219 0.891781 107 112 38
1.878906 1.363281 0.896700 168 155 135
1.878906 1.402344 0.901036 181 157 159
1.878906 1.441406 0.906732 187 162 164
1.878906 1.472656 0.910400 190 165 165
1.878345 1.519531 0.917969 194 169 169
1.873056 1.558594 0.925781 198 171 170
1.878906 1.589844 0.927123 201 175 172
1.878906 1.628906 0.932625 205 178 175
1.878906 1.667969 0.938480 209 182 177
1.871842 1.714844 0.949219 212 186 180
1.878906 1.742117 0.949219 214 187 182
1.878906 1.785156 0.955705 216 190 184
1.873560 1.832031 0.964844 216 190 183
1.878906 1.863281 0.965745 217 192 184
1.876117 1.910156 0.972656 218 193 189
1.878906 1.949219 0.976503 137 145 44
1.878906 1.980469 0.981242 199 187 130
1.875483 2.027344 0.988281 219 194 178
1.878906 2.058594 0.989630 198 186 169
1.878906 2.097656 0.995233 217 192 181
1.878906 2.144531 0.999552 127 138 44
1.878906 2.175781 1.003363 211 193 187
1.878906 2.214844 1.009387 203 183 186
1.878906 2.253906 1.014941 198 179 184
1.878906 2.285156 1.019724 196 177 183
1.876101 2.332031 1.027344 192 175 182
1.878906 2.371094 1.030408 117 127 60
1.877991 2.410156 1.035156 189 172 179
1.878906 2.449219 1.040130 187 171 181
1.878906 2.488281 1.045870 186 168 180
1.878906 2.519531 1.050212 183 167 176
1.878906 2.574219 1.053931 179 164 175
1.886719 1.199219 0.871569 162 143 145
1.884743 1.238281 0.878906 166 146 150
1.886719 1.277344 0.880789 171 150 150
1.886719 1.308594 0.884988 108 110 43
1.886719 1.347656 0.890908 156 145 118
1.886719 1.378906 0.894541 180 156 159
1.886719 1.425781 0.900547 184 160 161
1.879435 1.472656 0.910156 189 164 165
1.886719 1.503906 0.911805 192 166 167
1.886719 1.542969 0.917356 196 170 171
1.881557 1.589844 0.925781 201 175 172
1.886719 1.628906 0.929320 206 179 175
1.886719 1.660156 0.934447 208 181 176
1.886719 1.699219 0.939596 210 184 179
1.880229 1.746094 0.949219 214 188 182
1.886719 1.772433 0.949219 215 189 183
1.885148 1.816406 0.957031 217 191 184
1.886719 1.855469 0.960843 218 192 185
1.886719 1.886719 0.964290 218 193 186
1.882349 1.933594 0.972656 139 140 38
1.886719 1.972656 0.976221 221 199 199
1.886719 2.003906 0.980524 217 192 188
1.881402 2.058594 0.988281 195 183 166
1.886719 2.089844 0.990408 212 188 189
1.886719 2.128906 0.994027 173 164 49
1.886719 2.175781 0.999292 145 139 127
1.886719 2.207031 1.004446 164 158 141
1.886430 2.253906 1.011719 199 180 184
1.881103 2.292969 1.019531 196 177 183
1.886719 2.319855 1.019531 193 175 182
1.883396 2.363281 1.027344 118 127 50
1.886719 2.394531 1.029567 190 173 181
1.886719 2.433594 1.035459 187 170 179
1.886719 2.480469 1.040176 185 168 179
1.880706 2.527344 1.050781 181 166 177
1.886719 2.558594 1.052226 181 165 185
1.890275 1.207031 0.871094 165 145 149
1.894531 1.246094 0.874319 167 146 152
1.894531 1.277344 0.877121 160 142 139
1.894531 1.316406 0.882403 110 115 44
1.894531 1.347656 0.887053 178 156 159
1.890967 1.394531 0.894531 181 158 160
1.894531 1.433594 0.897833 186 161 163
1.894531 1.464844 0.901570 189 163 164
1.894531 1.503906 0.908007 194 168 168
1.894531 1.542969 0.913849 198 171 171
1.894531 1.574219 0.918356 200 174 172
1.891786 1.621094 0.925781 205 179 175
1.888281 1.660156 0.933594 208 182 176
1.894531 1.691406 0.934521 212 186 180
1.894531 1.730469 0.940715 213 187 181
1.894531 1.777344 0.946264 216 190 184
1.894531 1.816406 0.951904 218 192 185
1.894531 1.847656 0.956142 219 193 184
1.894531 1.894531 0.960679 178 163 106
1.894531 1.925781 0.965194 136 144 37
1.894531 1.964844 0.971128 218 195 189
1.894531 2.003906 0.975943 217 193 187
1.894531 2.035156 0.979305 163 151 63
1.888292 2.082031 0.988281 213 190 188
1.893613 2.113281 0.988281 211 188 186
1.889102 2.152344 0.996094 128 134 40
1.894531 2.183594 0.997958 127 136 51
1.894531 2.222656 1.003025 202 182 186
1.890852 2.269531 1.011719 198 179 184
1.894531 2.300781 1.012832 195 177 182
1.894531 2.339844 1.017928 193 175 182
1.889419 2.386719 1.027344 192 176 184
1.894531 2.417969 1.028915 189 172 181
1.893565 2.457031 1.035156 187 170 182
1.887830 2.496094 1.042969 184 168 181
1.892543 2.527344 1.042969 183 168 178
1.889500 2.558594 1.050781 181 165 183
1.902344 1.189953 0.863281 163 143 150
1.902344 1.230469 0.868976 165 145 149
1.902344 1.277344 0.874203 95 95 30
1.902344 1.316406 0.879181 129 129 80
1.900481 1.363281 0.886719 178 155 159
1.902344 1.402344 0.890395 183 158 161
1.902344 1.433594 0.894338 186 161 163
1.898990 1.480469 0.902344 190 165 166
1.902344 1.519531 0.906437 195 169 168
1.902344 1.550781 0.910868 198 172 171
1.902344 1.589844 0.916504 202 175 173
1.896422 1.636719 0.925781 207 180 176
1.902344 1.667969 0.928197 209 183 178
1.901791 1.707031 0.933594 212 186 180
1.897341 1.746094 0.941406 215 188 183
1.902344 1.777344 0.942675 216 190 183
1.902344 1.816406 0.947815 218 192 185
1.902344 1.855469 0.953059 219 193 183
1.902344 1.886719 0.955325 143 141 28
1.902344 1.925781 0.960828 143 146 28
1.902344 1.957031 0.965071 218 194 186
1.902344 1.996094 0.970956 217 194 188
1.902344 2.035156 0.975595 176 162 81
1.901028 2.074219 0.980469 213 190 187
1.896199 2.121094 0.988281 210 188 184
1.902344 2.152344 0.990139 217 194 168
1.902344 2.191406 0.995459 115 126 41
1.896747 2.238281 1.003906 201 181 186
1.902344 2.269531 1.006310 198 179 184
1.902344 2.308594 1.010476 194 176 184
1.896634 2.355469 1.019531 156 146 89
1.902344 2.386719 1.020787 192 177 184
1.902344 2.425781 1.025269 189 172 180
1.896385 2.472656 1.035156 186 169 182
1.902344 2.500508 1.035156 185 169 179
1.902344 2.549746 1.042969 182 166 182
1.910156 1.199219 0.863740 164 144 145
1.910156 1.238281 0.865782 167 147 149
1.910156 1.269531 0.870205 172 153 142
1.903070 1.316406 0.878906 127 127 76
1.910156 1.347656 0.880252 177 155 156
1.910156 1.393057 0.886719 183 158 161
1.910156 1.441406 0.892276 187 162 162
1.910156 1.480469 0.897558 191 166 165
1.910156 1.515152 0.902344 194 168 168
1.910156 1.558594 0.908272 199 173 171
1.903517 1.605469 0.917969 204 177 175
1.910156 1.636719 0.919664 208 181 176
1.910156 1.675781 0.925282 211 185 179
1.906299 1.722656 0.933594 214 187 182
1.910156 1.761719 0.937164 216 190 183
1.910156 1.792969 0.941354 218 192 185
1.906904 1.839844 0.949219 219 194 186
1.910156 1.871094 0.950050 141 141 20
1.908504 1.917969 0.957031 192 182 121
1.910156 1.957031 0.961443 219 195 187
1.910156 1.996094 0.967273 218 194 189
1.910156 2.035156 0.971586 187 170 97
1.902970 2.082031 0.980469 214 191 189
1.910156 2.111540 0.980469 211 189 187
1.910156 2.152344 0.986052 209 187 186
1.910156 2.191406 0.990757 117 125 34
1.910156 2.222656 0.995077 123 127 91
1.906805 2.269531 1.003906 198 179 184
1.910156 2.308594 1.007373 194 177 184
1.910156 2.347656 1.012990 195 177 182
1.907249 2.394531 1.019531 191 174 183
1.910156 2.433594 1.023530 188 172 181
1.910156 2.464844 1.028694 187 170 180
1.910156 2.511719 1.034069 185 168 181
1.910156 2.542969 1.038946 183 166 184
1.910156 2.574219 1.042988 181 167 174
1.917969 1.222656 0.861966 166 145 149
1.917969 1.261719 0.866004 169 148 150
1.917969 1.300781 0.870855 114 114 33
1.912538 1.347656 0.878906 172 152 158
1.917969 1.386719 0.882281 181 157 159
1.917969 1.417969 0.886162 184 159 161
1.917969 1.464844 0.891739 189 164 164
1.917969 1.503906 0.897379 193 167 167
1.917478 1.542969 0.902344 198 171 171
1.914111 1.582031 0.910156 202 175 172
1.917969 1.613281 0.912179 206 179 175
1.917702 1.652344 0.917969 209 182 176
1.913617 1.691406 0.925781 212 185 180
1.917969 1.722656 0.927617 214 188 181
1.916772 1.761719 0.933594 216 190 184
1.917969 1.800781 0.938253 219 193 185
1.917969 1.839844 0.943426 218 194 187
1.917969 1.878906 0.947821 138 146 37
1.910803 1.925781 0.957031 224 201 200
1.917969 1.954075 0.957031 219 195 189
1.914492 1.996094 0.964844 218 194 189
1.917969 2.035156 0.967310 196 177 117
1.916041 2.074219 0.972656 213 191 188
1.910846 2.113281 0.980469 211 189 187
1.917969 2.138641 0.980469 209 187 187
1.917969 2.183594 0.985985 206 184 137
1.917969 2.222656 0.991398 125 134 50
1.917969 2.253906 0.994789 191 180 193
1.915104 2.292969 1.003906 197 179 185
1.917969 2.332031 1.007750 194 176 183
1.917969 2.363281 1.011631 119 125 43
1.917969 2.410156 1.017076 192 175 185
1.917969 2.449219 1.020571 188 172 182
1.917969 2.487181 1.027344 187 171 181
1.913777 2.535156 1.035156 183 166 182
1.917969 2.562052 1.035156 182 166 183
1.925239 1.207031 0.855469 164 145 145
1.925781 1.246094 0.860358 169 148 152
1.925781 1.277344 0.863203 171 149 155
1.925781 1.316406 0.869200 116 114 32
1.925781 1.355469 0.872990 115 118 88
1.925781 1.386719 0.878597 182 157 161
1.921088 1.433594 0.886719 187 161 162
1.925781 1.464844 0.888039 190 164 166
1.925781 1.503906 0.893852 194 169 166
1.925781 1.550781 0.899353 199 172 172
1.925781 1.597656 0.906154 204 177 175
1.925781 1.628906 0.910548 207 180 177
1.924403 1.675781 0.917969 212 185 180
1.925781 1.714844 0.922025 213 187 181
1.925781 1.746094 0.926016 218 192 185
1.925781 1.785156 0.931248 218 192 185
1.918479 1.824219 0.941406 219 194 184
1.924886 1.855469 0.941406 142 149 36
1.925781 1.894531 0.946031 224 200 200
1.925781 1.925781 0.949833 222 197 189
1.922706 1.972656 0.957031 220 196 190
1.918202 2.011719 0.964844 217 193 188
1.924392 2.042969 0.964844 144 147 42
1.919254 2.089844 0.972656 213 191 188
1.925781 2.121094 0.974186 211 189 188
1.925781 2.160156 0.979721 208 187 185
1.925781 2.207031 0.985867 132 139 54
1.925781 2.253906 0.991018 119 127 76
1.925781 2.292969 0.998231 197 178 186
1.925781 2.331475 1.003906 195 177 186
1.921110 2.378906 1.011719 127 131 103
1.925781 2.410156 1.012688 191 174 184
1.925781 2.449219 1.017192 188 171 182
1.925781 2.480469 1.020415 187 172 181
1.925781 2.511719 1.024557 184 168 181
1.922150 2.566406 1.035156 183 167 178
1.933594 1.214844 0.852557 166 145 148
1.933594 1.261719 0.859251 170 148 153
1.933594 1.300781 0.862513 175 153 153
1.927045 1.347656 0.871094 111 119 54
1.933594 1.378906 0.872463 147 137 145
1.931774 1.417969 0.878906 185 160 160
1.933594 1.457031 0.883344 189 163 163
1.933594 1.496094 0.888948 193 167 168
1.931063 1.535156 0.894531 197 171 170
1.933594 1.566406 0.898464 201 175 173
1.933594 1.597656 0.902285 204 178 174
1.933594 1.636719 0.907472 209 182 178
1.933594 1.675781 0.912988 211 185 179
1.933594 1.707031 0.917184 214 187 181
1.929913 1.753906 0.925781 217 190 183
1.933594 1.792969 0.928292 219 193 184
1.933082 1.832031 0.933594 152 155 39
1.928919 1.871094 0.941406 171 169 81
1.933594 1.902344 0.943680 219 195 189
1.933594 1.941406 0.948241 220 195 190
1.926329 1.988281 0.957031 218 194 188
1.933594 2.019531 0.958375 218 194 190
1.931070 2.066406 0.964844 218 198 195
1.933594 2.105469 0.968684 213 191 190
1.933594 2.136719 0.972209 210 188 188
1.933594 2.175781 0.977846 207 185 186
1.925926 2.222656 0.988281 125 126 25
1.932238 2.253906 0.988281 123 132 62
1.929775 2.292969 0.996094 197 182 192
1.933594 2.324219 0.998653 195 177 184
1.933594 2.355469 1.003053 190 174 146
1.933594 2.402344 1.008530 191 175 185
1.933594 2.433594 1.012484 191 175 185
1.930584 2.488281 1.019531 186 172 181
1.933594 2.519531 1.024483 187 170 186
1.933594 2.566406 1.028281 183 169 180
1.941406 1.230469 0.850935 167 146 149
1.941406 1.261719 0.855171 170 148 152
1.941406 1.308594 0.859608 175 153 156
1.941406 1.339844 0.863791 168 153 104
1.939492 1.386719 0.871094 132 130 104
1.933835 1.425781 0.878906 186 161 162
1.941406 1.454293 0.878906 189 164 164
1.937542 1.496094 0.886719 193 167 167
1.941406 1.527344 0.888656 196 171 169
1.941406 1.566406 0.893994 200 174 172
1.938478 1.613281 0.902344 206 179 175
1.941406 1.652344 0.905509 209 183 179
1.941406 1.683594 0.909734 212 186 180
1.941406 1.722656 0.914782 216 189 183
1.941406 1.753906 0.919280 216 190 184
1.938399 1.792969 0.925781 220 195 189
1.941406 1.832031 0.929278 144 151 37
1.941406 1.863281 0.932892 227 203 200
1.941406 1.902344 0.938626 221 197 190
1.941406 1.941406 0.943591 222 197 191
1.940274 1.980469 0.949219 220 196 190
1.935954 2.019531 0.957031 218 195 190
1.941406 2.049622 0.957031 140 147 48
1.941406 2.089844 0.962338 214 192 189
1.941406 2.128906 0.966978 211 189 189
1.940088 2.167969 0.972656 208 186 187
1.941406 2.199219 0.977325 126 136 47
1.941406 2.238281 0.983264 209 189 168
1.941406 2.277344 0.987108 123 134 56
1.937930 2.324219 0.996094 195 178 186
1.941406 2.355469 0.997810 191 174 148
1.941406 2.386719 1.002703 190 179 184
1.941406 2.433594 1.007950 190 173 185
1.941406 2.464844 1.011658 189 173 183
1.937142 2.511719 1.019531 186 169 185
1.941406 2.535156 1.019701 184 169 179
1.941406 2.566406 1.027811 184 174 176
1.949219 1.230469 0.847020 167 146 151
1.941765 1.277344 0.855469 172 150 151
1.949219 1.303542 0.855469 175 153 155
1.949219 1.347656 0.861750 180 157 154
1.949219 1.394531 0.866591 113 121 53
1.949219 1.425781 0.871269 187 164 164
1.946036 1.472656 0.878906 190 165 164
1.949219 1.511719 0.882662 195 168 168
1.949219 1.542969 0.887436 198 172 172
1.949219 1.589817 0.894531 203 176 173
1.943870 1.636719 0.902344 208 181 177
1.949219 1.667969 0.903941 212 185 179
1.949219 1.707031 0.909859 214 188 181
1.949219 1.753906 0.915304 218 192 186
1.949219 1.792969 0.920298 145 145 22
1.949219 1.831244 0.925781 165 165 50
1.945702 1.878906 0.933594 222 196 188
1.949219 1.917969 0.936699 223 198 192
1.949219 1.949219 0.940524 222 197 192
1.943973 1.996094 0.949219 220 196 191
1.949219 2.020227 0.949219 219 196 190
1.944810 2.066406 0.957031 218 199 193
1.949219 2.105469 0.960520 214 193 190
1.949219 2.136719 0.964126 212 190 189
1.945884 2.183594 0.972656 212 190 174
1.942391 2.222656 0.980469 205 184 186
1.949219 2.253906 0.982003 208 189 176
1.947313 2.300781 0.988281 131 138 88
1.943306 2.347656 0.996094 197 178 183
1.949219 2.378642 0.996094 124 130 89
1.949219 2.410156 1.002140 191 174 184
1.949219 2.457031 1.007227 189 173 184
1.949219 2.492827 1.011719 188 173 183
1.944097 2.542969 1.019531 184 168 183
1.949219 2.566406 1.022001 183 170 181
1.953369 1.246094 0.847656 169 149 149
1.957031 1.285156 0.851316 174 152 153
1.957031 1.324219 0.854350 176 153 156
1.957031 1.363281 0.859891 182 158 158
1.957031 1.394531 0.863736 117 123 49
1.956906 1.441406 0.871094 189 166 163
1.951333 1.488281 0.878906 192 166 165
1.957031 1.519531 0.880620 195 169 167
1.957031 1.558594 0.885970 201 174 171
1.957031 1.597656 0.891551 205 178 175
1.957031 1.628906 0.895434 207 181 176
1.954946 1.675781 0.902344 212 186 180
1.957031 1.714844 0.907052 216 190 183
1.957031 1.746094 0.910286 217 191 182
1.954330 1.792969 0.917969 144 148 32
1.949463 1.832031 0.925781 169 168 58
1.957031 1.857384 0.925781 223 197 191
1.957031 1.902344 0.930966 222 197 191
1.957031 1.941406 0.935961 222 197 191
1.955422 1.980469 0.941406 221 197 192
1.951518 2.027344 0.949219 219 196 191
1.957031 2.053417 0.949219 142 148 57
1.953602 2.097656 0.957031 215 193 191
1.957031 2.128906 0.959465 213 191 192
1.955347 2.167969 0.964844 209 188 189
1.951826 2.207031 0.972656 129 137 63
1.950125 2.246094 0.980469 203 183 189
1.957031 2.272116 0.980469 203 184 165
1.957031 2.316406 0.985428 120 132 58
1.957031 2.355469 0.990493 195 179 163
1.957031 2.394531 0.994556 193 176 185
1.957031 2.433594 1.002727 191 175 185
1.957031 2.480469 1.006226 188 173 184
1.953065 2.519531 1.011719 186 170 184
1.953077 2.566406 1.019531 185 171 182
1.964844 1.222656 0.837860 168 147 151
1.964844 1.261719 0.844793 170 149 152
1.964844 1.300781 0.849462 175 153 153
1.964844 1.347656 0.854589 178 155 157
1.958389 1.394531 0.863281 119 123 48
1.964844 1.425781 0.864727 118 125 54
1.964844 1.464844 0.869711 191 165 164
1.964844 1.511719 0.876197 194 168 167
1.964844 1.550781 0.879847 200 173 171
1.963490 1.589844 0.886719 204 177 173
1.964844 1.628906 0.891525 208 181 178
1.964844 1.660156 0.894920 210 184 178
1.964844 1.699219 0.901165 213 187 180
1.957266 1.746094 0.910156 217 191 182
1.963503 1.777344 0.910156 142 147 35
1.962132 1.816406 0.917969 203 186 144
1.964844 1.855469 0.920925 222 197 190
1.964844 1.886719 0.924982 222 198 190
1.960012 1.933594 0.933594 223 199 193
1.964844 1.958468 0.933594 222 198 193
1.961563 2.003906 0.941406 220 197 192
1.964844 2.042969 0.944467 143 142 33
1.964415 2.082031 0.949219 216 193 190
1.964844 2.121094 0.954246 213 191 190
1.964844 2.152344 0.957484 211 190 189
1.964844 2.191406 0.963506 145 138 47
1.959399 2.230469 0.972656 203 184 188
1.964844 2.261719 0.973692 201 182 189
1.962907 2.300781 0.980469 151 149 60
1.957146 2.339844 0.988281 181 172 189
1.963537 2.371094 0.988281 119 128 59
1.960385 2.410156 0.996094 192 176 185
1.957055 2.449219 1.003906 189 174 185
1.962943 2.480469 1.003906 189 173 187
1.964844 2.511719 1.005468 186 172 185
1.963257 2.550781 1.011719 184 170 181
1.972656 1.230469 0.836342 168 147 150
1.972656 1.277344 0.844204 173 151 154
1.972656 1.308594 0.846524 176 152 156
1.966239 1.363281 0.855469 179 156 158
1.972656 1.394531 0.857012 185 160 161
1.972656 1.433594 0.861413 119 125 48
1.972656 1.472656 0.867482 192 170 169
1.972656 1.503906 0.870652 194 168 169
1.972656 1.542969 0.874861 199 173 171
1.972656 1.582031 0.880766 202 175 173
1.971838 1.621094 0.886719 207 180 175
1.972656 1.660156 0.890645 211 184 179
1.972656 1.691406 0.894737 214 188 182
1.972656 1.730469 0.899580 217 192 186
1.972656 1.761719 0.902799 142 149 36
1.972656 1.800781 0.908573 224 199 196
1.966702 1.839844 0.917969 222 197 190
1.972401 1.871094 0.917969 223 198 190
1.972656 1.902344 0.921735 222 198 192
1.972656 1.933594 0.926180 222 198 193
1.971230 1.980469 0.933594 221 197 191
1.965769 2.019531 0.941406 220 197 192
1.971891 2.050781 0.941406 143 150 51
1.972656 2.089844 0.944916 216 194 192
1.972656 2.121094 0.948711 213 191 190
1.972656 2.160156 0.953669 211 189 190
1.972656 2.199219 0.959537 131 138 48
1.972656 2.230469 0.964080 204 184 189
1.968037 2.269531 0.972656 200 181 185
1.972656 2.297043 0.972656 199 181 185
1.972656 2.332031 0.978543 123 131 56
1.972656 2.371094 0.983251 113 124 60
1.972656 2.402344 0.986917 193 176 188
1.972656 2.433594 0.990713 190 174 184
1.972656 2.464844 0.994531 189 174 184
1.972656 2.503906 0.999905 188 173 185
1.972656 2.535156 1.004192 184 171 180
1.980076 1.222656 0.832031 168 147 151
1.980469 1.253906 0.836438 170 149 151
1.980469 1.285156 0.840584 174 152 154
1.974807 1.332031 0.847656 178 155 156
1.980469 1.356240 0.847656 179 156 159
1.976289 1.402344 0.855469 185 163 150
1.980469 1.433594 0.857455 123 122 35
1.978961 1.472656 0.863281 143 137 120
1.980469 1.511719 0.866902 195 169 168
1.980469 1.542969 0.870576 198 171 170
1.975669 1.582031 0.878906 203 176 173
1.980469 1.608645 0.878906 206 179 176
1.980469 1.644531 0.884517 210 183 179
1.980469 1.675781 0.887348 212 185 180
1.978086 1.714844 0.894531 214 189 182
1.980469 1.746094 0.895559 141 148 40
1.977988 1.785156 0.902344 203 187 147
1.980469 1.816406 0.904828 222 196 190
1.980469 1.847656 0.909280 222 198 191
1.980469 1.886719 0.914062 223 198 191
1.980469 1.917969 0.917754 222 199 192
1.980469 1.949219 0.922337 222 199 192
1.980469 1.980469 0.926363 223 199 194
1.977262 2.019531 0.933594 220 198 194
1.980469 2.050781 0.934874 141 148 46
1.980469 2.082031 0.939597 216 194 192
1.980469 2.121094 0.944112 214 192 192
1.980469 2.152344 0.948476 212 191 193
1.980469 2.191406 0.955038 164 152 78
1.973233 2.238281 0.964844 203 183 188
1.980469 2.264469 0.964844 200 182 188
1.980469 2.308594 0.970144 196 178 185
1.974688 2.355469 0.980469 117 126 56
1.980469 2.383026 0.980469 147 148 127
1.980469 2.425781 0.986199 191 175 187
1.980469 2.472656 0.991903 189 174 185
1.980469 2.511719 0.999578 186 171 182
1.980469 2.550781 1.004233 187 173 184
1.981652 1.230469 0.832031 169 149 150
1.986476 1.261719 0.832031 172 150 154
1.983182 1.292969 0.839844 174 152 155
1.987461 1.324219 0.839844 177 154 156
1.988281 1.363281 0.843248 180 156 159
1.988281 1.394531 0.847789 183 159 159
1.986007 1.441406 0.855469 150 143 64
1.981133 1.480469 0.863281 171 157 161
1.986565 1.511719 0.863281 195 169 169
1.988281 1.550781 0.868253 199 173 171
1.988281 1.582031 0.871759 203 176 173
1.985766 1.628906 0.878906 208 182 177
1.988281 1.667969 0.882854 211 185 179
1.988281 1.699219 0.886216 214 189 186
1.982812 1.746094 0.894531 139 147 35
1.988281 1.777344 0.895366 220 195 187
1.988281 1.816406 0.901215 221 196 188
1.981953 1.863281 0.910156 223 198 192
1.988281 1.890477 0.910156 224 199 192
1.988281 1.933594 0.915074 223 199 192
1.988281 1.972656 0.920591 223 200 195
1.988281 2.003906 0.924387 222 199 195
1.988281 2.042969 0.928703 161 150 54
1.988281 2.074219 0.933594 218 197 193
1.988281 2.113281 0.939417 215 193 192
1.980864 2.160156 0.949219 212 190 192
1.988281 2.191406 0.950446 172 159 87
1.987095 2.230469 0.957031 205 185 190
1.988281 2.269531 0.962426 201 183 189
1.988281 2.300781 0.965678 197 180 187
1.988281 2.339844 0.970541 203 185 173
1.981290 2.386719 0.980469 182 174 178
1.988281 2.411585 0.980469 191 175 186
1.983879 2.457031 0.988281 190 175 187
1.981323 2.496094 0.996094 188 173 186
1.986838 2.527344 0.996094 187 171 188
1.988281 2.550781 0.999647 187 169 187
1.996094 1.230469 0.821640 168 148 149
1.990722 1.277344 0.832031 173 151 154
1.996094 1.308594 0.833231 176 153 156
1.996094 1.347656 0.837947 179 155 159
1.996094 1.386719 0.842492 182 158 159
1.996094 1.417969 0.847219 185 161 160
1.991955 1.464844 0.855469 122 126 37
1.996094 1.496094 0.856298 123 130 51
1.996094 1.535156 0.861690 197 170 170
1.989443 1.582031 0.871094 203 176 173
1.995662 1.613281 0.871094 206 180 176
1.992335 1.652344 0.878906 211 184 179
1.996094 1.679824 0.878906 215 188 185
1.992874 1.722656 0.886719 145 151 42
1.996094 1.761719 0.890076 218 193 185
1.996094 1.792969 0.893250 221 196 188
1.989494 1.832031 0.902344 222 197 190
1.996094 1.858571 0.902344 223 198 192
1.996094 1.902344 0.907876 224 199 193
1.996094 1.933594 0.910867 223 199 194
1.996094 1.972656 0.916261 222 199 194
1.989237 2.019531 0.925781 220 198 194
1.996094 2.046377 0.925781 160 156 56
1.996094 2.089844 0.931688 217 195 194
1.996094 2.128906 0.937536 213 192 192
1.996094 2.160156 0.942095 212 191 192
1.996094 2.199219 0.947177 131 137 49
1.996094 2.238281 0.953187 203 184 188
1.996094 2.277344 0.959305 200 181 188
1.996094 2.316406 0.964396 197 180 188
1.991477 2.363281 0.972656 122 124 44
1.996094 2.394531 0.974110 194 177 189
1.996094 2.433594 0.979785 192 175 187
1.989591 2.480469 0.988281 189 173 186
1.996094 2.511719 0.989399 185 170 183
1.996094 2.550781 0.988095 183 169 182
1.996651 1.246094 0.824219 170 149 153
2.003906 1.277344 0.826048 173 152 155
2.003906 1.316406 0.829875 177 154 156
2.003906 1.355469 0.834538 180 156 158
2.003319 1.394531 0.839844 183 159 161
1.998645 1.433594 0.847656 187 162 162
2.003906 1.457844 0.847656 190 164 163
2.000132 1.503906 0.855469 122 127 58
2.003906 1.542969 0.857782 199 175 172
2.003906 1.574219 0.862009 201 175 173
1.997561 1.621094 0.871094 207 180 176
2.003906 1.652344 0.872528 210 183 177
2.002240 1.699219 0.878906 137 142 38
2.003906 1.738281 0.883098 220 195 191
2.003906 1.769531 0.886669 219 194 185
1.999021 1.816406 0.894531 221 196 189
2.003906 1.847656 0.896546 222 197 190
2.003855 1.886719 0.902344 224 199 193
1.997864 1.933594 0.910156 223 199 193
2.003906 1.964844 0.911104 223 200 195
2.003906 2.003906 0.916739 223 200 195
1.997067 2.050781 0.925781 145 153 44
2.003906 2.078286 0.925781 219 197 196
2.000670 2.121094 0.933594 215 194 193
1.997352 2.160156 0.941406 212 191 192
2.003906 2.191406 0.943063 191 173 120
2.003906 2.230469 0.948664 205 185 190
2.003906 2.269531 0.954170 202 183 189
2.003906 2.308594 0.959837 196 178 188
2.003906 2.343023 0.964844 197 180 189
1.998740 2.394531 0.972656 194 178 189
2.003906 2.425781 0.974143 192 175 187
2.001184 2.464844 0.980469 190 174 186
1.997545 2.503906 0.988281 188 172 187
1.998377 2.535156 0.988281 183 167 187
2.010412 1.238281 0.816406 168 149 149
2.007280 1.277344 0.824219 174 152 155
2.011719 1.306506 0.824219 176 154 156
2.011719 1.347656 0.829774 180 156 158
2.011719 1.386719 0.834653 182 158 160
2.011719 1.420976 0.839844 186 161 162
2.009433 1.472656 0.847656 190 167 151
2.004020 1.519531 0.855469 127 129 74
2.011034 1.550781 0.855469 196 175 181
2.011719 1.589844 0.860780 203 177 174
2.011719 1.628906 0.865263 209 182 177
2.008370 1.667969 0.871094 171 159 95
2.004261 1.707031 0.878906 142 148 45
2.010487 1.738281 0.878906 218 192 187
2.011719 1.777344 0.882955 220 195 188
2.011719 1.808594 0.886839 222 197 190
2.009683 1.855469 0.894531 224 199 191
2.005547 1.894531 0.902344 224 200 193
2.011719 1.924830 0.902344 224 200 194
2.011719 1.964844 0.908359 223 200 194
2.011719 2.003906 0.912928 222 200 194
2.011528 2.042969 0.917969 194 175 105
2.011719 2.082031 0.923471 218 195 194
2.011719 2.121094 0.928951 215 193 193
2.011719 2.152647 0.933594 213 191 193
2.010237 2.199219 0.941406 133 139 43
2.011719 2.238281 0.946920 205 185 192
2.011719 2.277344 0.951491 200 182 190
2.011719 2.314829 0.957031 198 180 189
2.011719 2.355469 0.962473 200 181 183
2.011719 2.386719 0.965566 162 158 154
2.008336 2.433594 0.972656 191 175 187
2.011719 2.472656 0.975022 191 175 187
2.011719 2.503906 0.980415 187 171 184
2.018631 1.222656 0.808594 167 148 147
2.019531 1.253906 0.814288 170 149 153
2.019531 1.300781 0.819728 175 152 156
2.019531 1.332031 0.824721 179 156 158
2.019531 1.378906 0.829656 182 158 162
2.019531 1.417969 0.835389 185 160 161
2.019531 1.449219 0.839635 189 163 164
2.019531 1.488281 0.845389 193 167 164
2.019531 1.527344 0.849298 130 136 49
2.017270 1.574219 0.855469 203 178 174
2.019531 1.613281 0.859420 207 180 175
2.019531 1.644531 0.862966 157 144 80
2.014676 1.691406 0.871094 148 150 52
2.019531 1.722656 0.873210 218 191 185
2.019531 1.761719 0.877198 219 193 187
2.011971 1.808594 0.886719 222 197 190
2.019531 1.839445 0.886719 223 198 190
2.019531 1.878906 0.891726 222 198 191
2.019531 1.917969 0.896938 224 200 194
2.019531 1.949219 0.901777 224 200 195
2.015904 1.996094 0.910156 223 200 195
2.019531 2.035156 0.913571 221 199 195
2.019531 2.068274 0.917969 170 163 125
2.019531 2.113281 0.924034 215 194 194
2.014138 2.160156 0.933594 211 190 192
2.019531 2.191406 0.935981 204 183 146
2.019531 2.226503 0.941406 207 188 193
2.019531 2.269531 0.947344 202 184 191
2.012173 2.316406 0.957031 198 180 189
2.019531 2.347278 0.957031 198 180 187
2.015713 2.394531 0.964844 195 179 189
2.019531 2.425781 0.966901 192 176 186
2.019531 2.464844 0.970428 191 176 186
2.019531 2.496094 0.972242 190 174 185
2.019531 2.527344 0.976227 186 171 181
2.027344 1.222656 0.805192 167 146 145
2.021684 1.269531 0.816406 173 151 153
2.024573 1.300781 0.816406 175 153 156
2.027344 1.332031 0.819664 178 155 157
2.027344 1.363281 0.824307 180 156 159
2.027344 1.410156 0.830541 185 160 161
2.022511 1.457031 0.839844 189 164 164
2.027344 1.488281 0.841123 192 166 167
2.027344 1.527344 0.846245 155 147 48
2.027344 1.574219 0.850532 140 135 110
2.027344 1.605469 0.854757 206 178 174
2.027344 1.652344 0.860471 135 141 43
2.027344 1.691406 0.866098 217 192 190
2.027344 1.730469 0.870319 217 191 185
2.027344 1.777344 0.876020 219 193 186
2.027344 1.816406 0.880569 222 196 190
2.027344 1.855469 0.886121 224 199 192
2.020017 1.902344 0.894531 224 200 194
2.027344 1.927725 0.894531 224 201 195
2.025355 1.972656 0.902344 225 202 196
2.027344 2.011719 0.907058 222 199 196
2.027344 2.050781 0.912666 139 145 28
2.027344 2.089844 0.917339 218 197 196
2.023033 2.136719 0.925781 214 193 193
2.027344 2.175781 0.930464 211 190 193
2.027344 2.214844 0.935887 137 141 88
2.027344 2.253282 0.941406 203 184 191
2.027344 2.292969 0.946139 198 180 189
2.027344 2.332031 0.951697 197 179 188
2.025496 2.371094 0.957031 123 130 56
2.027344 2.410156 0.961405 193 177 188
2.027344 2.449219 0.966378 192 176 189
2.027344 2.503906 0.969865 188 172 183
2.027344 2.532391 0.972656 186 171 187
2.035156 1.246094 0.805661 170 148 151
2.035156 1.277344 0.808270 172 150 154
2.032421 1.324219 0.816406 178 155 158
2.027610 1.363281 0.824219 180 156 159
2.035156 1.393861 0.824219 183 159 161
2.035156 1.433594 0.831372 187 162 163
2.027859 1.480469 0.839844 191 166 166
2.035156 1.509097 0.839844 194 168 167
2.035156 1.550781 0.844947 132 132 30
2.035156 1.582031 0.848071 130 137 49
2.031704 1.628906 0.855469 146 143 61
2.035156 1.667969 0.859765 210 190 169
2.035156 1.699219 0.862941 214 188 181
2.030163 1.746094 0.871094 219 193 186
2.035156 1.777344 0.872651 220 194 187
2.035156 1.816406 0.877719 223 198 191
2.035156 1.863281 0.883170 224 200 193
2.035156 1.894531 0.886523 224 200 194
2.031943 1.941406 0.894531 224 200 195
2.027571 1.980469 0.902344 224 201 197
2.035156 2.011240 0.902344 224 201 198
2.031680 2.050781 0.910156 138 144 25
2.035156 2.082031 0.911852 218 196 193
2.034624 2.121094 0.917969 217 196 196
2.030476 2.160156 0.925781 212 191 192
2.027474 2.199219 0.933594 137 140 43
2.035156 2.228245 0.933594 206 188 193
2.031268 2.269531 0.941406 201 182 190
2.035156 2.308594 0.944890 198 180 189
2.035156 2.339844 0.949111 198 181 189
2.035156 2.386719 0.955236 141 141 121
2.035156 2.425781 0.961023 193 177 188
2.035156 2.457031 0.964511 191 175 186
2.035156 2.511719 0.968884 188 173 187
2.042969 1.230469 0.801196 169 148 156
2.042969 1.285156 0.805977 174 153 155
2.042969 1.332031 0.813562 178 155 156
2.042969 1.363281 0.817488 181 157 158
2.040658 1.410156 0.824219 186 161 163
2.042969 1.449219 0.829530 189 163 164
2.042969 1.488281 0.833433 193 167 166
2.042969 1.527344 0.838520 198 172 172
2.042969 1.574219 0.843951 134 138 44
2.042969 1.605469 0.847624 119 127 32
2.039046 1.652344 0.855469 171 164 103
2.042969 1.691406 0.858642 216 190 184
2.042969 1.730014 0.863281 218 192 185
2.038376 1.777344 0.871094 220 194 187
2.042969 1.808594 0.872486 223 197 189
2.042969 1.847656 0.877957 223 198 192
2.042969 1.894531 0.883425 225 201 195
2.042969 1.925781 0.887077 225 201 195
2.041276 1.972656 0.894531 225 202 196
2.035317 2.011719 0.902344 224 201 198
2.042969 2.037275 0.902344 222 199 189
2.042969 2.082031 0.908459 219 197 196
2.036780 2.128906 0.917969 216 194 195
2.042969 2.160156 0.920347 214 193 195
2.042969 2.195401 0.925781 175 164 108
2.042969 2.238281 0.931665 205 186 193
2.035346 2.285156 0.941406 199 181 190
2.042969 2.316406 0.943294 199 181 190
2.042802 2.363281 0.949219 181 166 129
2.038105 2.410156 0.957031 192 176 188
2.042969 2.441406 0.958439 193 176 190
2.042969 2.480469 0.964069 190 174 187
2.042969 2.527344 0.968281 188 174 187
2.050781 1.230469 0.799712 167 147 153
2.050781 1.262665 0.800781 172 150 155
2.050781 1.308594 0.806955 177 155 156
2.050781 1.355469 0.813142 181 157 158
2.050781 1.386719 0.817340 183 159 160
2.049843 1.433594 0.824219 189 163 165
2.050781 1.472656 0.829145 191 166 165
2.050781 1.503906 0.832397 194 168 167
2.050781 1.550781 0.837939 200 174 171
2.050781 1.597656 0.843830 119 129 38
2.050781 1.631478 0.847656 167 163 99
2.050781 1.675781 0.852504 213 187 181
2.050781 1.707031 0.856003 216 190 185
2.050781 1.746094 0.860154 220 194 188
2.050781 1.777344 0.864131 221 195 188
2.050781 1.816406 0.869223 222 197 189
2.050781 1.855469 0.874356 223 199 193
2.050781 1.886719 0.878377 224 200 193
2.045839 1.933594 0.886719 224 201 194
2.050781 1.972656 0.890557 226 203 198
2.050781 2.007360 0.894531 223 201 197
2.050781 2.050781 0.900530 143 146 32
2.043937 2.097656 0.910156 217 196 195
2.050781 2.128906 0.911518 215 195 195
2.050781 2.167969 0.917944 212 191 194
2.050781 2.207031 0.923924 128 137 55
2.043623 2.253906 0.933594 204 185 191
2.050781 2.285156 0.934408 200 182 189
2.050781 2.324219 0.940472 199 182 192
2.050781 2.371094 0.946876 126 130 56
2.050781 2.402344 0.950004 194 178 189
2.047345 2.449219 0.957031 192 176 189
2.050781 2.480469 0.959013 192 176 188
2.049105 2.519531 0.964844 185 171 185
2.058594 1.246094 0.795710 169 147 153
2.058594 1.285156 0.800195 175 152 155
2.058594 1.324219 0.805550 178 155 155
2.058594 1.363281 0.811354 181 158 160
2.058594 1.402344 0.816429 185 160 160
2.058594 1.449219 0.822680 190 164 164
2.058594 1.496094 0.827717 193 168 167
2.058594 1.527344 0.831417 197 171 170
2.053119 1.574219 0.839844 193 174 109
2.058594 1.605469 0.840355 120 127 33
2.055275 1.652344 0.847656 212 189 186
2.058594 1.691406 0.851063 214 188 181
2.057631 1.730469 0.855469 218 192 186
2.052625 1.777344 0.863281 221 195 188
2.058594 1.808594 0.864465 222 197 189
2.056331 1.855469 0.871094 223 199 192
2.058594 1.894531 0.875561 225 201 194
2.058594 1.925781 0.879815 224 201 194
2.058594 1.964844 0.885667 223 200 195
2.058594 2.011719 0.891500 222 200 197
2.058594 2.050781 0.897031 142 142 33
2.058594 2.089039 0.902344 219 197 195
2.058594 2.128906 0.908361 217 196 197
2.052437 2.175781 0.917969 210 190 193
2.058594 2.207031 0.920294 130 138 52
2.058594 2.245347 0.925781 205 186 192
2.058594 2.285156 0.931050 200 183 191
2.058594 2.324219 0.936657 198 180 190
2.058594 2.355469 0.941256 198 181 189
2.058594 2.402344 0.947356 194 177 189
2.058594 2.449219 0.951663 191 176 188
2.058594 2.488281 0.957254 190 174 190
2.058594 2.535156 0.963848 186 172 190
2.065223 1.253906 0.792969 170 149 155
2.060270 1.300781 0.800781 176 154 156
2.066406 1.332031 0.804055 179 157 156
2.066406 1.370272 0.808594 182 158 158
2.066406 1.410156 0.813611 185 161 162
2.066406 1.449219 0.818639 189 164 165
2.064337 1.488281 0.824219 192 167 165
2.059267 1.535156 0.832031 198 172 170
2.065527 1.566406 0.832031 202 175 172
2.066406 1.597656 0.835676 209 181 175
2.066406 1.628906 0.840051 136 142 44
2.066406 1.675781 0.845648 215 191 184
2.066406 1.714844 0.849934 217 191 186
2.066406 1.753906 0.854652 219 194 187
2.058924 1.800781 0.863281 222 197 189
2.066406 1.828084 0.863281 223 198 192
2.066406 1.871094 0.868814 225 200 194
2.066406 1.910156 0.873507 224 200 196
2.066406 1.946836 0.878906 225 202 197
2.062363 1.988281 0.886719 224 201 197
2.066406 2.019531 0.888664 223 201 197
2.066406 2.057324 0.894531 142 148 41
2.066406 2.097656 0.899858 217 196 197
2.066406 2.136719 0.906041 216 195 196
2.066406 2.167969 0.910793 213 193 195
2.066406 2.214313 0.917969 127 136 58
2.066406 2.253906 0.923132 204 185 192
2.066406 2.292969 0.929045 199 181 191
2.066406 2.326659 0.933594 199 181 191
2.066406 2.371094 0.938486 126 129 50
2.066406 2.410156 0.944415 192 176 190
2.066406 2.441406 0.948646 192 176 191
2.066406 2.480469 0.950951 190 174 188
2.066406 2.511719 0.954724 188 172 193
2.074219 1.246094 0.786117 170 149 153
2.074002 1.285156 0.792969 174 152 155
2.074219 1.324219 0.798858 177 154 157
2.066587 1.371094 0.808594 182 158 158
2.074219 1.397954 0.808594 184 160 161
2.074219 1.441406 0.813528 189 164 163
2.074219 1.480469 0.818386 192 167 166
2.071799 1.519531 0.824219 195 169 168
2.074219 1.558594 0.826967 200 174 172
2.074219 1.597656 0.832355 206 180 177
2.070015 1.644531 0.839844 135 142 44
2.074219 1.683594 0.842770 207 189 190
2.073797 1.722656 0.847656 218 193 186
2.067702 1.769531 0.855469 221 195 188
2.074219 1.797654 0.855469 222 197 191
2.074219 1.839844 0.860844 224 200 194
2.074219 1.878906 0.865868 225 201 195
2.073371 1.917969 0.871094 225 201 196
2.069491 1.957031 0.878906 225 202 197
2.074219 1.988281 0.881006 223 201 196
2.074219 2.027344 0.886451 222 201 197
2.074219 2.066406 0.891763 144 153 57
2.074219 2.105469 0.897527 216 195 195
2.074219 2.144531 0.903915 214 193 195
2.074219 2.183594 0.908966 211 191 193
2.074219 2.222656 0.915551 171 165 149
2.074219 2.261719 0.920080 202 184 190
2.074219 2.300781 0.927115 198 181 191
2.070554 2.347656 0.933594 198 181 191
2.074219 2.378906 0.936167 118 128 60
2.074219 2.414052 0.941406 193 178 187
2.074219 2.464844 0.946619 190 175 188
2.074219 2.503906 0.951682 188 172 187
2.074219 2.542969 0.959001 185 171 195
2.082031 1.269531 0.787251 172 151 154
2.082031 1.308594 0.791649 176 153 157
2.076841 1.347656 0.800781 180 157 158
2.082031 1.378906 0.802352 183 159 161
2.082031 1.417969 0.807157 186 162 163
2.082031 1.464844 0.812963 192 166 166
2.082031 1.496094 0.817342 194 168 167
2.082031 1.542969 0.822393 198 172 171
2.082031 1.589844 0.828186 205 178 176
2.082031 1.621094 0.831903 209 183 176
2.076392 1.667969 0.839844 136 143 46
2.082031 1.699219 0.841413 208 190 192
2.078776 1.746094 0.847656 219 194 186
2.082031 1.777344 0.848802 221 196 189
2.082031 1.816406 0.854557 223 198 192
2.082031 1.863281 0.860856 223 199 193
2.082031 1.902344 0.865443 225 201 196
2.082031 1.941406 0.870751 225 202 197
2.078921 1.988281 0.878906 224 201 197
2.082031 2.027344 0.882653 222 200 196
2.082031 2.058594 0.886972 143 150 47
2.080756 2.105469 0.894531 217 196 196
2.077123 2.144531 0.902344 214 193 195
2.082031 2.183594 0.905653 210 190 194
2.082031 2.214844 0.910941 129 139 56
2.079087 2.261719 0.917969 202 184 191
2.082031 2.292969 0.921374 200 183 191
2.082031 2.324219 0.926313 197 179 189
2.080714 2.378906 0.933594 120 130 60
2.075148 2.417969 0.941406 193 177 188
2.079419 2.449219 0.941406 191 175 188
2.075004 2.488281 0.949219 190 174 192
2.082031 2.513029 0.949219 187 171 188
2.089844 1.253906 0.783864 171 151 151
2.089844 1.285156 0.786488 173 151 153
2.089844 1.332031 0.791225 178 155 157
2.085384 1.378906 0.800781 182 158 161
2.089844 1.410156 0.802553 185 161 163
2.088331 1.449219 0.808594 189 164 165
2.083868 1.496094 0.816406 194 168 167
2.089844 1.519950 0.816406 196 170 169
2.089844 1.566406 0.821787 200 175 173
2.089844 1.605469 0.826173 206 180 175
2.089844 1.644531 0.830940 213 186 181
2.089844 1.691406 0.836425 139 146 49
2.089844 1.722656 0.839613 220 199 193
2.089844 1.769531 0.844520 220 194 188
2.089844 1.800781 0.847897 221 196 191
2.089844 1.839844 0.852822 224 200 194
2.089844 1.878906 0.859459 225 201 195
2.089844 1.910156 0.862612 225 201 196
2.086009 1.957031 0.871094 225 202 197
2.089844 1.996094 0.875028 224 202 199
2.089844 2.027344 0.879411 222 200 197
2.088417 2.074219 0.886719 191 180 161
2.089844 2.113281 0.891633 217 196 197
2.089844 2.152344 0.897454 213 192 195
2.089844 2.183594 0.902455 210 190 193
2.087800 2.230469 0.910156 207 189 194
2.089844 2.269531 0.913801 200 182 190
2.089844 2.300781 0.918674 198 180 191
2.089844 2.339844 0.923688 199 182 191
2.089844 2.378906 0.928660 122 131 63
2.088480 2.417969 0.933594 193 177 191
2.089844 2.457031 0.936816 193 177 191
2.089844 2.488281 0.940937 190 174 189
2.089844 2.527344 0.945892 188 175 184
2.097656 1.277344 0.781208 172 151 153
2.097656 1.308594 0.785755 176 154 155
2.094824 1.355469 0.792969 181 157 158
2.097656 1.394531 0.797418 184 159 162
2.097656 1.425781 0.801547 186 162 163
2.095138 1.472656 0.808594 192 166 167
2.097656 1.511719 0.811408 193 168 167
2.096999 1.550781 0.816406 201 175 172
2.097656 1.589844 0.820730 204 178 175
2.097656 1.621094 0.824571 208 182 178
2.092441 1.667969 0.832031 166 157 71
2.097656 1.699219 0.833160 141 149 44
2.094634 1.746094 0.839844 219 194 187
2.097656 1.785156 0.842158 221 196 190
2.097437 1.824219 0.847656 223 199 193
2.097656 1.863281 0.852435 223 200 194
2.097656 1.902344 0.858402 224 201 195
2.096921 1.941406 0.863281 225 202 197
2.093897 1.980469 0.871094 224 201 199
2.097656 2.019531 0.875469 223 201 199
2.097656 2.050781 0.879216 181 167 82
2.095263 2.097656 0.886719 217 197 197
2.097656 2.136719 0.891858 215 194 197
2.097656 2.175781 0.898039 210 190 195
2.097656 2.207031 0.902327 133 140 47
2.094876 2.253906 0.910156 202 184 192
2.097656 2.292969 0.914245 199 182 191
2.097656 2.324219 0.917834 198 181 191
2.094921 2.371094 0.925781 130 127 57
2.097656 2.410156 0.929157 192 176 188
2.097656 2.449219 0.933482 191 174 191
2.097656 2.496094 0.937906 187 173 186
2.099674 1.238281 0.777344 169 150 153
2.105469 1.269531 0.776876 172 151 150
2.101992 1.316406 0.785156 176 154 156
2.105469 1.363281 0.789898 181 158 159
2.105469 1.394531 0.793512 183 159 160
2.102549 1.441406 0.800781 188 163 164
2.105469 1.480469 0.804347 191 166 167
2.105469 1.511719 0.807820 195 169 168
2.105469 1.558594 0.813714 200 174 173
2.105469 1.597656 0.818108 205 179 176
2.105469 1.636719 0.822933 209 183 180
2.105469 1.683594 0.828005 219 193 174
2.105469 1.714844 0.831806 141 148 40
2.105469 1.761719 0.836645 221 196 189
2.105469 1.792969 0.840707 221 196 190
2.105469 1.839844 0.846207 223 199 192
2.099913 1.886719 0.855469 224 201 196
2.105469 1.911486 0.855469 225 202 197
2.105469 1.957031 0.862217 225 202 198
2.105469 1.996094 0.868390 223 201 198
2.105469 2.042969 0.874952 223 201 198
2.105469 2.074219 0.879394 169 164 129
2.105469 2.120262 0.886719 216 195 197
2.103193 2.167969 0.894531 212 191 195
2.099170 2.214844 0.902344 130 140 59
2.105469 2.246094 0.903759 203 184 193
2.105469 2.285156 0.909658 199 182 190
2.105469 2.332031 0.916076 199 181 191
2.105469 2.378906 0.922017 122 131 63
2.105469 2.410156 0.925934 194 177 193
2.101653 2.464844 0.933594 189 174 189
2.105469 2.496094 0.934464 189 174 187
2.100775 2.535156 0.941406 185 173 177
2.113281 1.269531 0.769495 171 150 152
2.113281 1.297182 0.777344 173 152 154
2.108902 1.339844 0.785156 179 156 160
2.113281 1.378906 0.787829 182 159 161
2.111784 1.417969 0.792969 185 161 162
2.113281 1.457031 0.797246 190 165 166
2.113281 1.488281 0.801521 193 167 168
2.109061 1.535156 0.808594 197 171 170
2.113281 1.574219 0.812161 202 176 174
2.113281 1.605469 0.816086 205 179 176
2.113281 1.652344 0.821845 211 185 181
2.113281 1.691406 0.826264 215 189 184
2.110404 1.738281 0.832031 148 152 61
2.113281 1.777344 0.835526 221 197 191
2.112814 1.816406 0.839844 222 198 191
2.113281 1.855469 0.844900 223 199 192
2.113281 1.894531 0.850111 225 202 197
2.113281 1.933594 0.855369 224 201 197
2.111539 1.980469 0.863281 224 202 198
2.107782 2.019531 0.871094 222 201 198
2.113281 2.050781 0.872104 206 186 134
2.113281 2.089844 0.878415 220 199 199
2.113281 2.128906 0.884335 215 194 197
2.113281 2.167969 0.890096 212 191 196
2.113281 2.199219 0.894046 207 187 155
2.109145 2.246094 0.902344 203 185 193
2.113281 2.285156 0.905750 200 183 193
2.113281 2.316406 0.910145 198 180 191
2.113281 2.355469 0.915165 195 178 188
2.113281 2.394531 0.920347 166 161 160
2.111259 2.433594 0.925781 192 176 190
2.113281 2.480469 0.929263 189 175 187
2.113281 2.511719 0.932511 187 174 187
2.121094 1.269531 0.766774 172 150 153
2.121094 1.300781 0.771815 173 152 154
2.121094 1.332031 0.777304 177 154 157
2.117402 1.371094 0.785156 181 158 160
2.121094 1.410156 0.787596 185 160 163
2.120520 1.449219 0.792969 190 164 167
2.121094 1.488281 0.797543 193 167 168
2.121094 1.519531 0.801086 195 169 171
2.118360 1.566406 0.808594 202 176 174
2.121094 1.605469 0.811841 205 179 176
2.121094 1.636719 0.816538 209 183 180
2.121094 1.683594 0.821823 213 188 182
2.121094 1.714844 0.824976 220 193 185
2.121094 1.761719 0.829499 142 150 40
2.121094 1.800781 0.834650 221 197 191
2.121094 1.839844 0.839242 223 199 193
2.117352 1.886719 0.847656 224 201 195
2.121094 1.925781 0.851183 224 201 197
2.121094 1.958366 0.855469 224 202 198
2.118674 2.003906 0.863281 223 201 198
2.113521 2.042969 0.871094 223 201 198
2.121094 2.068353 0.871094 144 151 64
2.118629 2.113281 0.878906 217 196 198
2.121094 2.152344 0.883258 213 193 197
2.121094 2.191406 0.889001 208 189 193
2.120518 2.230469 0.894531 206 191 197
2.116404 2.269531 0.902344 201 182 192
2.121094 2.300781 0.904659 197 180 192
2.121094 2.339844 0.910630 196 179 192
2.121094 2.386719 0.915453 123 132 74
2.121094 2.425781 0.920862 192 177 191
2.120203 2.464844 0.925781 192 177 191
2.121094 2.511719 0.928733 188 175 191
2.128906 1.285156 0.765996 174 152 156
2.128906 1.316406 0.770836 176 153 155
2.128906 1.355469 0.777397 180 157 160
2.124405 1.402344 0.785156 184 160 161
2.128906 1.441406 0.788000 188 164 165
2.128845 1.480469 0.792969 191 166 166
2.128906 1.519531 0.797748 195 170 170
2.128906 1.558594 0.803359 200 174 174
2.128906 1.597656 0.807761 204 178 176
2.123525 1.644531 0.816406 209 184 180
2.128906 1.671283 0.816406 212 186 181
2.123946 1.722656 0.824219 217 194 154
2.128906 1.753906 0.825078 143 146 25
2.126354 1.800781 0.832031 220 200 198
2.128906 1.839844 0.834866 222 198 192
2.128906 1.871094 0.840329 223 200 194
2.125876 1.917969 0.847656 224 202 197
2.123641 1.964844 0.855469 224 202 198
2.128906 1.996094 0.857953 223 201 200
2.128906 2.035156 0.863107 221 199 199
2.125717 2.082031 0.871094 221 202 202
2.121341 2.121094 0.878906 216 196 198
2.128906 2.144909 0.878906 214 193 197
2.126078 2.191406 0.886719 209 189 194
2.123368 2.238281 0.894531 204 185 195
2.128906 2.277344 0.897406 199 182 193
2.128906 2.310811 0.902344 198 181 193
2.127043 2.355469 0.910156 196 180 192
2.128906 2.394531 0.913310 152 150 144
2.128484 2.433594 0.917969 191 175 191
2.128906 2.472656 0.921834 190 176 190
2.128906 2.503906 0.926360 186 173 186
2.136719 1.261719 0.760434 170 149 152
2.136719 1.300781 0.764721 174 152 155
2.136719 1.339844 0.771283 179 156 157
2.135788 1.378906 0.777344 181 158 160
2.136719 1.417969 0.781598 185 160 163
2.136719 1.449219 0.786015 188 163 164
2.136719 1.496094 0.791628 193 168 168
2.129118 1.542969 0.800781 198 173 171
2.136719 1.574219 0.801952 201 175 174
2.134248 1.621094 0.808594 206 181 179
2.136719 1.660156 0.811415 210 185 181
2.134805 1.699219 0.816406 214 189 186
2.136719 1.738281 0.819941 217 192 186
2.136719 1.769531 0.823358 141 142 21
2.136719 1.816406 0.828634 212 196 196
2.136719 1.847656 0.832195 223 200 194
2.136719 1.886719 0.838557 224 201 196
2.131426 1.933594 0.847656 224 201 196
2.136719 1.972656 0.850351 224 202 199
2.136719 2.011719 0.856955 223 201 200
2.136719 2.055680 0.863281 169 164 87
2.133264 2.105469 0.871094 216 196 197
2.130437 2.152344 0.878906 212 192 196
2.136719 2.183594 0.881027 210 190 195
2.136526 2.222656 0.886719 133 141 72
2.131747 2.261719 0.894531 201 184 192
2.136719 2.300781 0.897440 198 181 192
2.136719 2.336048 0.902344 197 181 191
2.136719 2.378906 0.908088 127 133 70
2.136719 2.417969 0.913008 192 177 190
2.136719 2.457031 0.915444 191 176 190
2.130859 2.503906 0.925781 185 172 185
2.144531 1.253906 0.758209 169 150 145
2.144531 1.300118 0.761719 174 151 154
2.144531 1.339844 0.767145 178 155 158
2.137365 1.386719 0.777344 182 158 160
2.144531 1.416661 0.777344 184 159 162
2.144531 1.457031 0.783770 189 164 164
2.144531 1.496094 0.788272 193 168 168
2.144369 1.535156 0.792969 195 170 171
2.139183 1.574219 0.800781 201 175 174
2.144531 1.605469 0.801776 205 179 176
2.140684 1.652344 0.808594 210 184 181
2.144531 1.691406 0.811759 213 188 183
2.144531 1.730469 0.815837 217 192 188
2.144531 1.777344 0.821249 189 176 62
2.144531 1.808594 0.824940 147 156 48
2.144531 1.855469 0.830391 222 198 193
2.144531 1.894531 0.835810 224 201 196
2.144531 1.925781 0.841158 223 201 197
2.144531 1.964844 0.846268 223 202 199
2.144531 2.003906 0.852385 222 201 199
2.144531 2.042969 0.858694 220 199 198
2.144531 2.080615 0.863281 205 192 178
2.144531 2.121094 0.868842 216 195 198
2.144531 2.167969 0.875521 212 192 196
2.144531 2.207031 0.881193 137 133 52
2.144531 2.246094 0.887115 202 184 193
2.141061 2.292969 0.894531 198 181 192
2.144531 2.332031 0.897841 197 180 191
2.144531 2.363281 0.901699 196 179 190
2.140166 2.410156 0.910156 193 177 191
2.144531 2.441406 0.911128 190 175 190
2.139957 2.488281 0.917969 188 174 189
2.144531 2.525059 0.925781 187 173 178
2.152344 1.292969 0.757586 173 151 155
2.152344 1.324219 0.760470 176 153 159
2.148569 1.363281 0.769531 180 156 161
2.152344 1.394531 0.771234 182 158 162
2.152344 1.433594 0.775785 186 162 164
2.152344 1.480469 0.782857 192 167 168
2.152344 1.527344 0.787749 195 170 169
2.152344 1.561895 0.792969 199 174 174
2.152344 1.605469 0.797904 205 179 177
2.152344 1.644531 0.802674 209 184 180
2.152344 1.683594 0.807461 213 188 185
2.145419 1.738281 0.816406 216 191 187
2.152344 1.768801 0.816406 218 195 188
2.147734 1.816406 0.824219 142 150 42
2.152344 1.847656 0.825599 199 184 184
2.152344 1.886719 0.831915 223 200 196
2.149064 1.933594 0.839844 223 201 198
2.152344 1.972656 0.843474 221 200 197
2.152344 2.003906 0.848400 222 201 200
2.152344 2.042969 0.855540 220 199 199
2.152344 2.089844 0.861486 217 196 197
2.145426 2.136719 0.871094 214 194 197
2.152344 2.167969 0.871950 210 190 195
2.152344 2.207031 0.878084 146 139 63
2.148690 2.253906 0.886719 202 184 193
2.152344 2.292969 0.890242 198 181 191
2.152344 2.327698 0.894531 197 181 192
2.146982 2.378906 0.902344 125 131 63
2.152344 2.410156 0.904483 192 177 191
2.152344 2.449219 0.909547 191 175 193
2.145272 2.503906 0.917969 187 172 187
2.152344 2.527344 0.919001 182 167 189
2.160156 1.285156 0.751498 171 149 154
2.160156 1.332031 0.758678 176 154 157
2.160156 1.363281 0.762053 180 157 161
2.160156 1.402344 0.768694 183 159 162
2.155120 1.449219 0.777344 187 163 165
2.160156 1.480469 0.779367 190 166 166
2.156739 1.519531 0.785156 194 169 170
2.160156 1.558594 0.788734 198 173 173
2.160156 1.589844 0.792898 202 177 176
2.154685 1.636719 0.800781 207 182 180
2.160156 1.667969 0.802430 211 186 182
2.160156 1.707031 0.806619 214 189 185
2.160156 1.746094 0.810930 217 192 188
2.160156 1.785156 0.815917 219 195 190
2.153944 1.839844 0.824219 152 152 89
2.160156 1.871094 0.825927 225 206 204
2.160156 1.910156 0.831524 224 202 198
2.157716 1.957031 0.839844 223 201 198
2.154418 2.003906 0.847656 222 201 199
2.152493 2.042969 0.855469 220 199 199
2.160156 2.069812 0.855469 141 149 58
2.160156 2.113281 0.861802 215 195 197
2.152579 2.160156 0.871094 213 193 197
2.160156 2.191406 0.872690 210 192 198
2.160156 2.230469 0.877119 174 168 160
2.160156 2.269531 0.882504 200 182 193
2.160156 2.300781 0.887487 197 180 192
2.157769 2.347656 0.894531 196 180 191
2.160156 2.386719 0.896939 118 129 61
2.159413 2.425781 0.902344 191 176 192
2.153954 2.464844 0.910156 190 174 193
2.160156 2.496094 0.910868 189 175 191
2.167969 1.285156 0.748525 171 150 154
2.167969 1.316643 0.753906 175 152 158
2.165541 1.371094 0.761719 180 157 161
2.167969 1.410156 0.765919 183 159 162
2.167969 1.441406 0.769953 186 162 164
2.166629 1.488281 0.777344 191 166 167
2.161126 1.535156 0.785156 195 171 171
2.167969 1.566406 0.786041 198 174 173
2.167036 1.613281 0.792969 204 179 177
2.161408 1.660156 0.800781 210 185 182
2.167969 1.688314 0.800781 212 187 183
2.163918 1.738281 0.808594 216 191 186
2.167969 1.777344 0.811484 218 194 188
2.166758 1.816406 0.816406 215 192 159
2.167969 1.855469 0.820882 143 151 44
2.167969 1.886719 0.824939 226 207 204
2.167969 1.931069 0.832031 222 200 198
2.167969 1.972656 0.838399 221 200 198
2.160496 2.019531 0.847656 221 199 199
2.167969 2.050781 0.848932 224 201 196
2.167969 2.089844 0.854590 217 196 199
2.164332 2.136719 0.863281 213 193 196
2.167969 2.175781 0.866564 209 189 196
2.167969 2.207031 0.871225 172 160 99
2.167969 2.253906 0.877773 200 183 193
2.161644 2.300781 0.886719 197 180 192
2.167969 2.325781 0.886719 198 181 194
2.167969 2.371094 0.891578 188 173 152
2.167969 2.402344 0.895298 191 180 190
2.166155 2.449219 0.902344 191 176 192
2.167969 2.480469 0.905475 186 172 190
2.167969 2.511719 0.909712 183 170 180
2.175781 1.277344 0.744871 170 150 153
2.169313 1.324219 0.753906 176 153 158
2.175781 1.348599 0.753906 178 155 159
2.172826 1.394531 0.761719 181 158 161
2.175781 1.433594 0.766021 185 161 163
2.175781 1.464844 0.769536 188 164 167
2.173187 1.511719 0.777344 192 168 168
2.168372 1.558594 0.785156 198 173 173
2.175781 1.587952 0.785156 201 176 173
2.175781 1.628906 0.791191 207 182 179
2.175781 1.667969 0.794907 210 185 183
2.175781 1.707031 0.799841 214 189 184
2.168212 1.753906 0.808594 217 193 188
2.175466 1.785156 0.808594 218 194 189
2.170135 1.832031 0.816406 169 161 61
2.175781 1.863281 0.818214 147 154 44
2.175781 1.902344 0.824027 225 207 204
2.175781 1.941406 0.830925 223 201 197
2.175781 1.988281 0.836930 221 200 198
2.175781 2.027344 0.842634 220 199 198
2.175781 2.065216 0.847656 140 146 47
2.175781 2.105469 0.853387 215 195 197
2.169683 2.152344 0.863281 211 191 196
2.175781 2.181519 0.863281 208 189 195
2.172867 2.222656 0.871094 127 138 66
2.175781 2.261719 0.874623 200 183 193
2.175781 2.292969 0.878384 197 180 192
2.171331 2.339844 0.886719 196 180 192
2.175781 2.371094 0.887746 191 176 158
2.175721 2.417969 0.894531 192 177 191
2.175781 2.464844 0.897727 188 173 189
2.175781 2.496094 0.902555 185 172 184
2.183594 1.264736 0.738281 167 149 148
2.183338 1.308594 0.746094 173 151 157
2.179630 1.355469 0.753906 178 155 157
2.183594 1.402344 0.758431 182 159 160
2.183594 1.433594 0.762843 184 161 163
2.179560 1.480469 0.769531 189 164 166
2.176724 1.519531 0.777344 194 169 171
2.182789 1.550781 0.777344 197 172 174
2.183594 1.589844 0.781917 200 176 176
2.183594 1.628906 0.787435 205 180 179
2.183594 1.667969 0.791967 210 185 183
2.183594 1.714844 0.797208 214 189 185
2.183594 1.746094 0.800302 216 191 188
2.183594 1.792969 0.805541 219 195 190
2.183594 1.824219 0.809414 219 196 191
2.182268 1.871094 0.816406 141 147 38
2.183594 1.910156 0.821747 189 176 174
2.175902 1.949219 0.832031 222 201 197
2.183594 1.980469 0.833322 220 198 196
2.183032 2.027344 0.839844 219 197 198
2.183594 2.066406 0.844877 141 149 54
2.183594 2.105469 0.850059 214 194 197
2.183594 2.143145 0.855469 212 192 196
2.178668 2.191406 0.863281 206 187 195
2.183594 2.222656 0.865715 128 138 68
2.183594 2.261428 0.871094 200 183 195
2.180088 2.308594 0.878906 195 179 192
2.183594 2.347656 0.881873 195 178 193
2.182629 2.386719 0.886719 120 130 70
2.183594 2.425781 0.892242 189 175 189
2.183594 2.457031 0.894415 189 174 191
2.183594 2.503906 0.897954 185 173 185
2.191406 1.277344 0.737773 169 150 152
2.187283 1.324219 0.746094 174 152 155
2.183688 1.363281 0.753906 179 157 159
2.191406 1.393331 0.753906 180 157 160
2.187591 1.441406 0.761719 185 161 164
2.191406 1.472656 0.763145 188 164 167
2.191406 1.511719 0.768666 192 167 169
2.191406 1.558594 0.774539 197 172 172
2.191406 1.597656 0.779629 201 176 176
2.191406 1.636393 0.785156 206 181 179
2.191406 1.683594 0.790499 210 186 182
2.191406 1.722656 0.794922 214 189 186
2.189167 1.769531 0.800781 217 194 190
2.191406 1.808594 0.804630 219 195 192
2.191406 1.847656 0.810022 220 197 194
2.190938 1.894531 0.816406 149 157 45
2.191406 1.933594 0.821550 224 206 205
2.191406 1.972656 0.828949 221 200 199
2.191406 2.011719 0.834337 220 199 199
2.191406 2.050781 0.839464 220 199 199
2.186481 2.097656 0.847656 215 194 198
2.191406 2.136719 0.850814 212 192 198
2.191406 2.167969 0.855405 208 189 195
2.191406 2.214844 0.860814 133 138 61
2.191406 2.253906 0.865817 200 182 193
2.191406 2.285156 0.870437 196 179 192
2.187335 2.332031 0.878906 196 180 194
2.191406 2.371094 0.881363 195 178 177
2.191406 2.410156 0.884714 191 176 194
2.191406 2.457031 0.891948 188 172 191
2.191406 2.496094 0.897735 185 171 189
2.195362 1.292969 0.738281 170 150 153
2.199219 1.324219 0.739426 173 152 156
2.198372 1.363281 0.746094 178 155 157
2.193653 1.402344 0.753906 181 158 161
2.199219 1.432433 0.753906 183 160 161
2.199219 1.472656 0.760439 188 163 167
2.191626 1.519531 0.769531 193 168 172
2.199219 1.550781 0.770114 195 171 172
2.197052 1.597656 0.777344 201 176 176
2.199219 1.636719 0.781694 206 181 179
2.199219 1.667969 0.784527 208 184 181
2.193753 1.714844 0.792969 213 189 184
2.199219 1.746094 0.793721 215 191 187
2.199219 1.792969 0.799785 218 194 192
2.199219 1.839844 0.806016 220 197 193
2.199219 1.878906 0.811356 223 199 197
2.199219 1.917969 0.816689 147 155 55
2.198169 1.964844 0.824219 220 198 198
2.194121 2.003906 0.832031 220 199 199
2.199219 2.035156 0.833603 218 196 200
2.199219 2.074219 0.838537 138 148 58
2.199219 2.113281 0.844217 213 192 198
2.199219 2.144531 0.848206 212 192 199
2.197636 2.191406 0.855469 207 187 197
2.192748 2.238281 0.863281 203 187 197
2.199219 2.263068 0.863281 198 180 194
2.196214 2.308594 0.871094 196 180 194
2.191874 2.347656 0.878906 194 178 192
2.199219 2.377982 0.878906 134 131 77
2.199219 2.425781 0.883066 189 174 193
2.199219 2.457031 0.887710 189 174 191
2.199219 2.496094 0.893252 187 172 189
2.207031 1.285156 0.732065 169 150 150
2.204144 1.332031 0.738281 174 153 155
2.200253 1.371094 0.746094 178 156 158
2.207031 1.398357 0.746094 180 157 161
2.207031 1.441406 0.752121 184 160 163
2.207031 1.480469 0.757848 188 164 168
2.207031 1.511719 0.761695 191 166 171
2.207031 1.550781 0.766673 195 170 173
2.207031 1.589844 0.771840 200 175 175
2.206017 1.628906 0.777344 204 179 179
2.200260 1.675781 0.785156 209 184 183
2.207031 1.707031 0.786398 211 187 185
2.202399 1.753906 0.792969 215 191 188
2.207031 1.792969 0.796385 217 193 192
2.207031 1.824219 0.800620 218 195 192
2.203130 1.871094 0.808594 219 197 193
2.207031 1.910156 0.812799 163 157 32
2.207031 1.941406 0.816638 142 150 53
2.205629 1.988281 0.824219 220 198 200
2.207031 2.027344 0.829223 219 197 201
2.207031 2.066406 0.833863 141 147 55
2.207031 2.105469 0.839104 213 193 200
2.202369 2.152344 0.847656 210 190 198
2.207031 2.183594 0.849617 207 187 198
2.205235 2.222656 0.855469 124 135 62
2.200655 2.269531 0.863281 199 181 195
2.207031 2.293511 0.863281 196 179 194
2.203412 2.339844 0.871094 195 178 194
2.207031 2.371094 0.873409 197 181 184
2.207031 2.402344 0.876603 178 171 182
2.207031 2.449219 0.881713 188 173 190
2.207031 2.480469 0.883224 186 172 192
2.207031 2.511719 0.893002 186 170 198
2.214844 1.300781 0.730283 170 151 151
2.214844 1.347656 0.736272 175 153 159
2.214844 1.386719 0.741092 179 156 160
2.214844 1.425690 0.746094 182 158 163
2.212758 1.472656 0.753906 187 162 166
2.209440 1.519531 0.761719 191 167 170
2.214844 1.550781 0.763569 194 170 171
2.214844 1.589844 0.768141 199 174 174
2.208060 1.636719 0.777344 204 180 178
2.214844 1.667969 0.778699 207 183 182
2.211684 1.714844 0.785156 212 187 185
2.214844 1.746094 0.787096 214 190 188
2.214844 1.785156 0.791602 217 193 191
2.208784 1.832031 0.800781 218 195 192
2.214844 1.855800 0.800781 219 195 193
2.213995 1.902344 0.808594 221 198 191
2.214844 1.941406 0.813905 139 148 46
2.214844 1.980469 0.819574 222 204 208
2.214844 2.015145 0.824219 218 197 199
2.214844 2.058594 0.829683 194 177 131
2.214844 2.097656 0.834336 215 194 199
2.214173 2.136719 0.839844 211 190 198
2.214844 2.175781 0.844422 208 188 197
2.214844 2.214844 0.850388 132 135 55
2.214844 2.253881 0.855469 199 182 194
2.214844 2.300781 0.860966 194 178 193
2.214844 2.339844 0.865249 194 178 194
2.214844 2.378906 0.870216 133 130 74
2.214844 2.417969 0.875292 188 173 189
2.214844 2.457031 0.879533 187 173 188
2.213164 2.511719 0.886719 183 167 190
2.218853 1.316406 0.730469 172 150 155
2.222656 1.363281 0.734306 177 154 157
2.222656 1.394531 0.738348 179 156 161
2.219186 1.441406 0.746094 183 160 164
2.222656 1.480469 0.749818 187 163 167
2.222656 1.519531 0.755211 191 167 170
2.222656 1.558594 0.761366 195 170 173
2.216848 1.605469 0.769531 200 175 177
2.222656 1.636719 0.771143 204 179 179
2.222656 1.675781 0.775359 207 183 182
2.222656 1.722656 0.780752 211 187 185
2.222656 1.761445 0.785156 214 190 188
2.218334 1.808594 0.792969 216 193 191
2.222656 1.847656 0.796659 217 194 194
2.222656 1.886719 0.801963 220 197 196
2.222656 1.925781 0.808557 222 198 197
2.219025 1.972656 0.816406 154 155 100
2.222656 2.011719 0.820735 218 197 200
2.222656 2.042969 0.825177 217 196 200
2.222656 2.089844 0.830202 216 198 202
2.222656 2.136719 0.837099 211 192 199
2.222656 2.175781 0.842022 207 188 197
2.222656 2.214844 0.846410 130 132 54
2.222656 2.253906 0.851883 198 181 193
2.222656 2.285156 0.856178 195 178 193
2.222656 2.332031 0.861832 193 178 191
2.222656 2.378906 0.866795 141 137 85
2.222057 2.417969 0.871094 190 174 194
2.222656 2.449219 0.876032 186 172 190
2.222656 2.480469 0.879571 183 167 193
2.225114 1.277344 0.722656 168 150 150
2.230469 1.303275 0.722656 170 150 154
2.230469 1.339844 0.727269 174 152 159
2.230469 1.371094 0.731136 177 155 160
2.230469 1.410156 0.736433 180 157 162
2.230469 1.449219 0.742016 183 160 164
2.230469 1.480469 0.745715 186 162 167
2.225682 1.519531 0.753906 190 166 170
2.230469 1.550781 0.755972 193 169 173
2.230469 1.589844 0.760636 198 173 175
2.230469 1.628906 0.766261 202 178 178
2.230469 1.660156 0.770462 206 181 181
2.227405 1.707031 0.777344 210 186 185
2.230469 1.746094 0.780418 213 189 187
2.230469 1.779907 0.785156 214 191 189
2.226103 1.832031 0.792969 217 195 193
2.230469 1.871094 0.796908 218 196 195
2.230469 1.910156 0.802353 219 196 197
2.230469 1.949219 0.807945 225 202 163
2.226533 1.996094 0.816406 176 169 138
2.230469 2.035156 0.820372 217 196 199
2.230469 2.066406 0.824112 147 151 62
2.225240 2.113281 0.832031 212 191 199
2.230469 2.144531 0.833896 209 189 198
2.228020 2.183594 0.839844 206 187 197
2.230469 2.222656 0.843326 123 132 66
2.230469 2.253906 0.847090 197 180 194
2.225536 2.292969 0.855469 194 178 194
2.230469 2.324219 0.856713 194 178 193
2.230469 2.363281 0.861204 190 175 191
2.230469 2.402344 0.865082 158 155 155
2.230469 2.441406 0.869094 188 174 192
2.224115 2.480469 0.878906 183 168 192
2.226744 2.511719 0.878906 182 168 191
2.238281 1.308594 0.718772 170 149 157
2.238281 1.339844 0.723699 173 152 156
2.237505 1.386719 0.730469 178 155 162
2.238281 1.425781 0.735624 180 157 163
2.238281 1.464844 0.740717 185 161 166
2.238281 1.503906 0.745623 188 164 169
2.234534 1.550781 0.753906 193 168 172
2.238281 1.589844 0.757774 197 172 175
2.238281 1.621099 0.761719 201 177 178
2.238281 1.667969 0.768224 206 182 182
2.238281 1.714844 0.773467 210 186 187
2.238281 1.746094 0.777437 212 189 188
2.238281 1.792969 0.783452 215 192 191
2.238281 1.839844 0.789726 216 194 192
2.238281 1.871094 0.793781 217 195 194
2.238281 1.910156 0.799486 218 196 196
2.233363 1.957031 0.808594 185 173 94
2.238281 1.988281 0.810140 146 153 60
2.238281 2.027344 0.815431 217 200 208
2.232142 2.074219 0.824219 140 148 60
2.238281 2.098153 0.824219 212 191 198
2.238281 2.144531 0.830736 209 189 198
2.238281 2.191406 0.836071 203 185 194
2.238281 2.222656 0.839738 125 134 67
2.238281 2.269531 0.844670 195 178 192
2.238281 2.308594 0.849508 192 176 191
2.238281 2.339844 0.853391 192 176 192
2.232309 2.386719 0.863281 117 127 62
2.238281 2.416271 0.863281 188 174 189
2.238281 2.464844 0.868357 185 170 191
2.238281 2.503906 0.873001 184 173 180
2.246094 1.316406 0.716364 170 150 153
2.246094 1.355469 0.722744 174 153 159
2.246094 1.402344 0.728475 178 156 162
2.239002 1.449219 0.738281 182 159 165
2.246094 1.474305 0.738281 184 160 166
2.246094 1.519531 0.744761 189 165 169
2.239739 1.566406 0.753906 194 170 171
2.246094 1.597656 0.755256 197 173 176
2.246094 1.644169 0.761719 203 178 179
2.239863 1.691406 0.769531 207 183 183
2.246094 1.722656 0.771290 209 186 185
2.246094 1.761719 0.776224 212 189 188
2.239413 1.808594 0.785156 216 193 191
2.246094 1.839844 0.786744 216 194 193
2.245907 1.886719 0.792969 218 196 196
2.246094 1.925781 0.798234 216 195 196
2.246094 1.964844 0.803529 217 196 197
2.246094 1.997490 0.808594 139 143 48
2.242694 2.050781 0.816406 214 194 197
2.246094 2.089844 0.819719 213 197 201
2.246094 2.128906 0.825623 210 190 200
2.242053 2.175781 0.832031 205 186 196
2.246094 2.214844 0.835214 137 133 64
2.246094 2.252207 0.839844 196 180 192
2.240634 2.300781 0.847656 193 177 192
2.246094 2.332031 0.849269 193 177 192
2.246094 2.371094 0.853956 191 176 190
2.239051 2.417969 0.863281 188 174 189
2.246094 2.444042 0.863281 186 172 191
2.246094 2.488281 0.865134 181 167 191
2.246627 1.308594 0.714844 169 149 154
2.253906 1.339844 0.717031 172 151 157
2.253140 1.378906 0.722656 176 154 160
2.253906 1.417969 0.727519 179 156 161
2.253906 1.449219 0.731454 181 158 162
2.253906 1.495321 0.738281 186 163 166
2.249842 1.542969 0.746094 191 167 170
2.253906 1.574219 0.748074 194 170 173
2.253894 1.613281 0.753906 198 174 176
2.247981 1.652344 0.761719 204 180 180
2.253906 1.682117 0.761719 205 181 181
2.253906 1.722656 0.767161 209 185 185
2.253906 1.761719 0.771955 212 189 188
2.252753 1.800781 0.777344 214 192 192
2.249457 1.839844 0.785156 216 194 194
2.253906 1.871094 0.787007 216 195 194
2.253906 1.910156 0.792962 217 196 196
2.250948 1.957031 0.800781 217 196 196
2.253906 1.996094 0.805073 223 201 166
2.253906 2.035156 0.810051 138 147 63
2.251598 2.082031 0.816406 148 153 86
2.246454 2.121094 0.824219 210 190 199
2.253658 2.152344 0.824219 207 188 198
2.253906 2.191406 0.829022 204 186 198
2.253906 2.222656 0.832119 127 136 70
2.250360 2.269531 0.839844 195 178 193
2.253906 2.308594 0.842543 191 175 191
2.252417 2.347656 0.847656 190 176 192
2.246549 2.386719 0.855469 117 126 66
2.253906 2.417383 0.855469 187 173 192
2.253906 2.457031 0.861563 183 170 187
2.253906 2.488281 0.863668 182 169 195
2.261719 1.300781 0.706346 168 149 151
2.261719 1.339844 0.711320 171 150 156
2.261719 1.378906 0.717144 175 153 160
2.261719 1.410156 0.722079 178 156 161
2.258364 1.457031 0.730469 182 159 163
2.254170 1.496094 0.738281 186 163 166
2.261719 1.525035 0.738281 188 165 169
2.258419 1.574219 0.746094 194 170 173
2.261719 1.613281 0.750247 198 174 176
2.261719 1.644531 0.753873 201 178 179
2.256802 1.691406 0.761719 206 183 182
2.261719 1.722656 0.764040 208 185 185
2.261719 1.761719 0.768683 211 187 189
2.261719 1.808594 0.774585 214 191 191
2.261719 1.847656 0.780305 215 193 193
2.261360 1.886719 0.785156 217 195 196
2.259413 1.925781 0.792969 216 195 196
2.256899 1.972656 0.800781 216 195 197
2.261719 2.011719 0.804181 221 199 168
2.261719 2.042969 0.807817 138 147 66
2.261719 2.089844 0.813152 206 192 195
2.261719 2.121094 0.816551 208 189 198
2.261719 2.167969 0.822329 204 186 196
2.261719 2.207031 0.826814 202 183 194
2.259376 2.246094 0.832031 197 181 194
2.254376 2.285156 0.839844 192 177 192
2.261612 2.316406 0.839844 191 176 193
2.254867 2.363281 0.847656 189 174 190
2.261502 2.394531 0.847656 112 125 65
2.261719 2.425781 0.851478 185 171 190
2.261719 2.457031 0.856313 184 171 189
2.257261 2.503906 0.863281 179 167 184
2.269531 1.316406 0.703915 169 149 154
2.269531 1.355469 0.709756 173 151 157
2.269531 1.386719 0.714370 175 153 160
2.269531 1.425781 0.720180 178 156 162
2.269531 1.464844 0.725617 181 159 164
2.269531 1.496094 0.729750 185 162 167
2.269531 1.535156 0.735598 187 164 169
2.269531 1.574219 0.740640 192 169 172
2.269353 1.613281 0.746094 197 173 177
2.269531 1.652344 0.750910 201 178 179
2.269531 1.691406 0.756274 205 181 183
2.269531 1.730469 0.761875 208 184 187
2.269531 1.777344 0.767376 210 188 189
2.269531 1.816406 0.772698 213 190 191
2.269531 1.855469 0.777944 215 193 193
2.269531 1.902344 0.784747 215 194 195
2.269531 1.941406 0.790317 215 194 195
2.269531 1.980469 0.795896 215 194 197
2.269531 2.011719 0.800311 215 194 198
2.269531 2.058594 0.806059 138 147 60
2.269531 2.097656 0.810160 210 192 200
2.269531 2.136719 0.814945 206 187 197
2.269531 2.183594 0.820266 202 184 195
2.269531 2.214844 0.823932 161 152 104
2.269531 2.261719 0.828578 192 177 192
2.269531 2.292969 0.831988 189 174 191
2.269531 2.332031 0.837491 190 174 193
2.269531 2.371094 0.841986 188 172 190
2.269531 2.413449 0.847656 185 172 191
2.264093 2.464844 0.855469 181 167 188
2.269531 2.496094 0.856969 181 166 189
2.270777 1.339844 0.707031 172 151 155
2.277344 1.371094 0.709426 174 152 158
2.277344 1.410156 0.714309 176 155 160
2.273287 1.457031 0.722656 180 158 164
2.277344 1.496094 0.725996 184 161 167
2.277344 1.527344 0.730876 187 163 168
2.275148 1.574219 0.738281 191 168 171
2.277344 1.613281 0.742311 196 172 175
2.277344 1.644531 0.746969 199 175 178
2.274324 1.691406 0.753906 204 181 182
2.277344 1.730469 0.758056 207 183 184
2.277344 1.761719 0.762020 209 186 188
2.277344 1.808594 0.768217 212 190 191
2.277344 1.847656 0.774108 214 191 193
2.277344 1.878906 0.778370 215 193 194
2.276480 1.925781 0.785156 214 193 195
2.277344 1.964844 0.790319 215 194 198
2.277344 2.003906 0.794979 213 192 196
2.276405 2.042969 0.800781 209 190 158
2.277344 2.082031 0.804741 120 131 62
2.277344 2.113281 0.807514 209 191 199
2.272092 2.160156 0.816406 204 186 196
2.277344 2.188639 0.816406 200 183 195
2.277344 2.230469 0.821682 125 136 71
2.277344 2.269531 0.826681 192 176 193
2.277344 2.314119 0.832031 190 174 192
2.272196 2.363281 0.839844 188 173 191
2.277344 2.394531 0.841134 113 124 72
2.277344 2.433594 0.846506 183 169 188
2.277344 2.472656 0.849762 182 168 191
2.285156 1.292969 0.696759 166 147 157
2.285156 1.332031 0.700897 169 150 155
2.284915 1.378906 0.707031 173 152 158
2.285156 1.417969 0.712077 176 155 160
2.285156 1.457031 0.717466 179 157 163
2.285156 1.495666 0.722656 184 161 167
2.285156 1.535156 0.728848 186 163 168
2.285156 1.582031 0.734686 191 168 173
2.285156 1.613281 0.739042 195 172 176
2.283428 1.660156 0.746094 200 177 180
2.285156 1.699219 0.750260 204 180 183
2.285156 1.738281 0.755783 207 184 184
2.285156 1.777344 0.760998 209 186 188
2.279479 1.824219 0.769531 213 191 192
2.285156 1.855469 0.770904 212 190 193
2.285156 1.894531 0.776829 213 191 194
2.281717 1.941406 0.785156 214 193 195
2.285156 1.980469 0.788600 214 193 198
2.285156 2.011719 0.793330 213 192 197
2.285156 2.058594 0.798024 216 195 181
2.285156 2.097656 0.802157 130 139 64
2.285156 2.136719 0.807638 204 185 197
2.285156 2.183594 0.811924 200 183 195
2.285156 2.214844 0.815614 176 165 130
2.280990 2.261719 0.824219 192 176 192
2.285156 2.292969 0.825954 190 175 191
2.285156 2.332031 0.830583 188 173 191
2.285156 2.371094 0.834575 185 171 189
2.283942 2.410156 0.839844 181 172 190
2.278039 2.457031 0.847656 181 167 193
2.281919 2.488281 0.847656 179 165 184
2.287517 1.324219 0.699219 168 149 154
2.292969 1.363281 0.700834 171 150 155
2.292969 1.402344 0.706213 174 153 157
2.288197 1.449219 0.714844 177 156 162
2.292969 1.480469 0.716649 181 159 163
2.292969 1.519002 0.722656 184 161 168
2.292969 1.558594 0.727388 188 165 171
2.292969 1.597656 0.733131 192 168 173
2.292969 1.631968 0.738281 196 172 176
2.292969 1.675781 0.743362 201 177 180
2.292969 1.714844 0.748556 205 181 185
2.292969 1.746094 0.753780 206 183 186
2.292969 1.792969 0.758315 209 186 189
2.292969 1.824219 0.762534 211 189 191
2.292969 1.863281 0.768115 212 190 192
2.292969 1.902344 0.774282 212 190 193
2.292969 1.941406 0.779500 213 191 196
2.292969 1.978210 0.785156 212 191 196
2.292969 2.019531 0.790541 211 190 198
2.292969 2.050781 0.793834 209 189 198
2.289375 2.097656 0.800781 135 144 70
2.292969 2.136719 0.803887 199 186 203
2.291378 2.175781 0.808594 199 182 195
2.292969 2.214844 0.812534 184 172 146
2.292969 2.246094 0.815386 193 178 195
2.292969 2.285156 0.819891 188 173 190
2.292969 2.316406 0.824665 188 173 192
2.292969 2.363281 0.830090 185 171 189
2.292969 2.410156 0.834810 179 170 189
2.292969 2.441406 0.838675 181 167 189
2.287778 2.496094 0.847656 177 164 188
2.300781 1.318767 0.691406 166 148 151
2.300781 1.355469 0.695796 170 150 156
2.300781 1.386719 0.699709 173 152 159
2.300781 1.425781 0.704966 175 154 160
2.294316 1.472656 0.714844 180 158 163
2.300781 1.503906 0.716117 182 160 167
2.298404 1.542969 0.722656 185 162 169
2.294015 1.582031 0.730469 190 167 173
2.300781 1.613281 0.731945 193 170 174
2.300781 1.652344 0.737216 196 173 177
2.293190 1.699219 0.746094 203 180 182
2.300781 1.730469 0.747416 205 182 184
2.300781 1.769531 0.752516 206 184 186
2.300781 1.816406 0.757897 210 188 191
2.300781 1.847656 0.763029 211 189 192
2.300400 1.894531 0.769531 212 191 193
2.295578 1.933594 0.777344 213 191 196
2.300781 1.972656 0.781170 212 191 197
2.300781 2.003906 0.785368 211 190 196
2.298180 2.058594 0.792969 209 189 198
2.300781 2.097656 0.795679 179 171 86
2.298812 2.136719 0.800781 145 149 103
2.300781 2.175781 0.803985 198 180 193
2.299957 2.214844 0.808594 188 175 156
2.294667 2.261719 0.816406 190 175 192
2.300781 2.286674 0.816406 188 173 191
2.297551 2.332031 0.824219 187 172 191
2.300781 2.371094 0.826687 183 169 188
2.300781 2.402344 0.831265 109 117 88
2.300781 2.449219 0.834891 180 166 188
2.300781 2.488281 0.843882 176 164 186
2.307197 1.339844 0.691406 168 149 154
2.301874 1.386719 0.699219 172 152 158
2.308594 1.417969 0.700106 174 154 159
2.308594 1.457031 0.706026 176 155 162
2.303624 1.503906 0.714844 182 160 166
2.308594 1.542969 0.718074 184 161 168
2.308594 1.582031 0.723645 188 165 171
2.308594 1.621094 0.729132 193 169 175
2.303021 1.667969 0.738281 198 175 180
2.308594 1.699219 0.739503 201 178 181
2.308594 1.738281 0.745266 204 181 184
2.308594 1.785156 0.750905 207 184 188
2.308594 1.816406 0.754611 209 186 189
2.308445 1.863281 0.761719 209 188 190
2.308594 1.902344 0.767488 210 189 193
2.301219 1.949219 0.777344 212 191 195
2.308594 1.973159 0.777344 210 189 194
2.304376 2.019531 0.785156 210 190 197
2.308594 2.058594 0.787239 207 187 196
2.305396 2.097656 0.792969 199 183 157
2.308594 2.128906 0.794843 138 146 79
2.308594 2.167969 0.799332 189 177 199
2.308594 2.214844 0.804410 192 177 168
2.308594 2.246094 0.807995 192 179 195
2.308594 2.292969 0.814177 188 173 192
2.308594 2.324219 0.816872 187 171 193
2.308594 2.363281 0.821111 184 170 190
2.308594 2.402344 0.826908 111 120 90
2.308594 2.433594 0.831046 181 166 189
2.308594 2.464844 0.833507 179 164 188
2.312134 1.308594 0.683594 163 146 150
2.316406 1.339844 0.687356 166 148 153
2.316406 1.371094 0.690129 169 150 156
2.316406 1.410156 0.695791 172 152 158
2.316406 1.449219 0.701153 175 154 161
2.315214 1.488281 0.707031 179 158 164
2.310929 1.527344 0.714844 183 160 168
2.316406 1.558594 0.716765 184 162 169
2.316406 1.597327 0.722656 188 165 172
2.313161 1.644531 0.730469 195 171 177
2.316406 1.683594 0.734465 198 175 181
2.316406 1.714844 0.738044 200 178 181
2.316406 1.753906 0.743704 204 181 185
2.316406 1.792969 0.748455 207 185 188
2.316406 1.832031 0.754466 209 186 191
2.316406 1.878906 0.760570 209 188 192
2.316406 1.917969 0.766356 211 189 194
2.316406 1.949219 0.770034 210 189 194
2.314265 1.996094 0.777344 211 190 197
2.308743 2.035156 0.785156 210 190 198
2.313791 2.066406 0.785156 206 186 198
2.316406 2.105469 0.788480 203 184 196
2.316406 2.142507 0.792969 132 138 67
2.310699 2.191406 0.800781 197 180 194
2.316406 2.216977 0.800781 177 168 149
2.316406 2.261719 0.806248 188 173 190
2.316406 2.300781 0.811461 185 171 189
2.316406 2.339844 0.816186 184 169 189
2.316406 2.386719 0.820657 120 124 71
2.316406 2.417969 0.823930 180 166 186
2.316406 2.457031 0.830337 179 165 187
2.324219 1.300781 0.679338 165 147 156
2.324219 1.339844 0.684390 166 148 155
2.321753 1.394531 0.691406 171 151 158
2.317644 1.433594 0.699219 174 153 162
2.324219 1.460583 0.699219 175 154 162
2.324219 1.503906 0.705302 179 157 165
2.317530 1.550781 0.714844 184 161 169
2.324219 1.582031 0.716876 186 163 171
2.323986 1.621094 0.722656 191 167 175
2.324219 1.660156 0.728186 195 172 178
2.324219 1.699219 0.732762 199 176 183
2.324219 1.738281 0.737636 202 179 184
2.319091 1.785156 0.746094 205 183 187
2.324219 1.816406 0.748204 207 185 190
2.323846 1.855469 0.753906 208 186 191
2.324219 1.894531 0.759316 210 188 193
2.324219 1.941406 0.765595 209 188 194
2.324219 1.972656 0.770040 209 187 195
2.324219 2.019531 0.775729 209 188 197
2.324219 2.058594 0.779592 205 185 196
2.324219 2.097656 0.784478 203 184 196
2.316804 2.144531 0.792969 136 143 77
2.324161 2.175781 0.792969 122 131 74
2.317687 2.222656 0.800781 130 135 72
2.324219 2.250892 0.800781 189 175 193
2.324219 2.292969 0.806477 185 171 190
2.324219 2.339844 0.812374 184 169 189
2.324219 2.371094 0.816495 181 167 188
2.324219 2.425781 0.821490 178 165 186
2.324219 2.472656 0.830004 176 162 187
2.332031 1.332031 0.679089 163 146 155
2.332031 1.363281 0.682490 167 149 155
2.327014 1.410156 0.691406 171 151 159
2.332031 1.441406 0.693371 173 152 161
2.332031 1.480469 0.698351 176 155 162
2.327310 1.527344 0.707031 181 159 167
2.332031 1.566406 0.710660 183 161 169
2.332031 1.597656 0.715765 186 164 172
2.330410 1.644531 0.722656 193 170 176
2.332031 1.683594 0.727394 197 174 181
2.332031 1.714844 0.731184 200 177 183
2.329779 1.761719 0.738281 203 180 185
2.325574 1.808594 0.746094 206 183 190
2.332031 1.839844 0.747240 206 185 189
2.332031 1.878906 0.753097 208 186 191
2.332031 1.917969 0.758240 208 187 193
2.332031 1.949219 0.763092 209 187 195
2.332031 1.988281 0.768939 208 187 195
2.326268 2.042969 0.777344 206 186 196
2.332031 2.068008 0.777344 203 183 196
2.328211 2.121094 0.785156 201 182 196
2.332031 2.152344 0.786774 202 183 190
2.329420 2.199219 0.792969 139 142 112
2.332031 2.238281 0.795511 119 128 84
2.331416 2.277344 0.800781 185 170 189
2.326464 2.316406 0.808594 185 170 190
2.332005 2.347656 0.808594 183 169 192
2.332031 2.378906 0.813788 182 168 182
2.332031 2.410156 0.817357 163 159 174
2.328335 2.457031 0.824219 177 164 188
2.335409 1.316406 0.675781 163 146 152
2.339844 1.339844 0.674092 163 147 153
2.335377 1.386719 0.683594 169 150 157
2.339844 1.425781 0.687140 171 151 159
2.339844 1.457031 0.691739 173 153 161
2.336869 1.503906 0.699219 178 156 164
2.333091 1.542969 0.707031 182 159 168
2.339844 1.567337 0.707031 183 160 169
2.338511 1.613281 0.714844 187 165 173
2.339844 1.652344 0.719713 192 169 177
2.339844 1.691406 0.724572 196 173 179
2.339844 1.730469 0.729716 199 177 182
2.334712 1.777344 0.738281 203 181 187
2.339844 1.808594 0.739846 204 182 188
2.339844 1.847656 0.744810 205 183 189
2.339844 1.886719 0.750852 207 185 192
2.339844 1.917969 0.754916 207 186 193
2.339844 1.961634 0.761719 207 186 194
2.339844 2.003906 0.766918 206 185 196
2.339844 2.035156 0.769763 205 185 196
2.339844 2.082031 0.775055 202 183 196
2.339844 2.121094 0.778982 199 181 196
2.339844 2.160156 0.782997 196 178 193
2.339844 2.199219 0.786989 121 132 73
2.337329 2.238281 0.792969 118 127 83
2.339844 2.277344 0.797142 184 169 190
2.339844 2.308594 0.800563 184 169 191
2.339844 2.355469 0.806552 180 165 188
2.339844 2.386719 0.809667 128 127 87
2.339844 2.425781 0.815252 178 165 188
2.339844 2.464844 0.819485 174 161 188
2.340299 1.347656 0.675781 164 147 154
2.347656 1.378906 0.677198 167 149 157
2.347656 1.417969 0.682746 170 151 158
2.347656 1.457031 0.688100 172 152 161
2.347656 1.488281 0.692617 175 154 164
2.346779 1.535156 0.699219 179 158 166
2.347656 1.574219 0.705094 182 160 169
2.341027 1.621094 0.714844 188 165 173
2.347656 1.645904 0.714844 190 168 176
2.344042 1.691406 0.722656 196 173 179
2.347656 1.730469 0.726091 198 176 182
2.347656 1.761719 0.729977 200 178 184
2.343015 1.808594 0.738281 204 182 187
2.347656 1.839844 0.740578 205 183 190
2.347656 1.878906 0.745977 205 183 191
2.344358 1.925781 0.753906 206 185 193
2.340802 1.964844 0.761719 207 186 194
2.346915 1.996094 0.761719 206 185 196
2.347656 2.035156 0.765764 204 184 195
2.347656 2.066406 0.768797 203 183 196
2.341562 2.113281 0.777344 199 180 195
2.347656 2.139906 0.777344 197 179 196
2.342610 2.191406 0.785156 140 141 88
2.347656 2.215762 0.785156 120 129 72
2.347656 2.261719 0.791099 184 168 190
2.347656 2.308594 0.797732 183 168 190
2.347656 2.347656 0.802954 181 166 190
2.347656 2.394531 0.806150 110 119 73
2.347656 2.441406 0.815086 177 164 187
2.347656 2.472656 0.816802 174 162 183
2.355469 1.332031 0.668383 161 144 151
2.355469 1.378906 0.674105 166 147 156
2.355469 1.425781 0.680451 170 150 159
2.355469 1.457031 0.684206 171 151 160
2.354820 1.503906 0.691406 176 155 164
2.355469 1.542969 0.696774 178 157 166
2.348797 1.589844 0.707031 184 162 171
2.355469 1.621094 0.707810 186 164 172
2.354825 1.667969 0.714844 192 169 179
2.355469 1.707031 0.719085 195 172 179
2.355469 1.738281 0.722572 198 175 183
2.355469 1.777344 0.727736 200 178 185
2.355469 1.816406 0.733109 203 181 188
2.355469 1.853142 0.738281 204 182 190
2.355469 1.894531 0.744450 205 183 191
2.349931 1.941406 0.753906 205 184 193
2.355469 1.972656 0.755552 205 184 194
2.352812 2.019531 0.761719 204 184 195
2.355469 2.058594 0.764424 201 182 195
2.354159 2.097656 0.769531 199 181 196
2.348448 2.144531 0.777344 196 178 195
2.355469 2.172257 0.777344 193 176 193
2.355469 2.222656 0.782359 106 114 64
2.355469 2.261719 0.787409 159 153 177
2.355469 2.299456 0.792969 183 168 191
2.355469 2.339844 0.798964 180 166 190
2.355469 2.378906 0.803139 179 165 186
2.355469 2.421668 0.808594 176 163 190
2.355469 2.472656 0.813330 174 160 190
2.363281 1.339844 0.667392 162 145 152
2.355500 1.394531 0.675781 166 148 155
2.363281 1.423444 0.675781 169 149 160
2.363281 1.464844 0.682149 171 151 161
2.355884 1.511719 0.691406 176 155 162
2.363281 1.550781 0.694221 178 156 166
2.363281 1.582031 0.699057 181 159 168
2.363281 1.621094 0.704096 185 163 174
2.363281 1.660156 0.709366 189 167 177
2.363217 1.699219 0.714844 194 171 180
2.358131 1.746094 0.722656 199 176 184
2.363281 1.777344 0.724227 200 178 185
2.363281 1.816406 0.729549 202 180 188
2.359089 1.863281 0.738281 204 182 190
2.363281 1.894531 0.740748 203 182 191
2.363230 1.933594 0.746094 204 183 193
2.358207 1.972656 0.753906 204 183 194
2.363281 2.003906 0.755239 203 183 195
2.359068 2.050781 0.761719 202 182 195
2.363281 2.089844 0.764532 199 180 197
2.361283 2.128906 0.769531 196 178 195
2.363281 2.167969 0.773105 193 176 195
2.363281 2.199219 0.776277 189 173 192
2.355946 2.246094 0.785156 106 120 71
2.363281 2.270122 0.785156 124 130 111
2.359300 2.316406 0.792969 181 166 190
2.363281 2.355469 0.796189 178 164 188
2.363281 2.386719 0.801204 145 138 120
2.363281 2.433594 0.805159 175 162 187
2.363281 2.472656 0.810317 171 159 186
2.364401 1.347656 0.667969 162 145 155
2.367921 1.378906 0.667969 164 146 156
2.371094 1.410156 0.670357 166 148 157
2.371094 1.447601 0.675781 168 149 158
2.371094 1.488281 0.681695 172 152 163
2.371094 1.527344 0.687457 175 155 165
2.371094 1.558594 0.691199 177 157 167
2.371094 1.597656 0.697102 181 160 169
2.371094 1.636719 0.702762 186 164 174
2.371094 1.667969 0.706675 190 167 177
2.366949 1.714844 0.714844 194 172 180
2.371094 1.746094 0.716505 196 174 183
2.371094 1.785156 0.721726 198 176 185
2.365649 1.832031 0.730469 202 180 188
2.371094 1.863281 0.732219 202 180 190
2.371094 1.902344 0.737994 202 181 190
2.367547 1.949219 0.746094 204 183 193
2.371094 1.980469 0.748100 203 183 195
2.369206 2.019531 0.753906 201 181 193
2.371094 2.058594 0.757001 199 180 195
2.371094 2.089844 0.760168 197 179 195
2.371094 2.128906 0.764397 195 178 195
2.370396 2.167969 0.769531 191 175 193
2.371094 2.207031 0.773223 187 172 192
2.371094 2.238281 0.778147 181 171 144
2.371094 2.285156 0.783733 119 127 101
2.363871 2.332031 0.792969 180 165 188
2.371074 2.363281 0.792969 176 163 188
2.371094 2.394531 0.797569 107 116 71
2.371094 2.433594 0.802327 174 161 185
2.371094 2.472656 0.808326 173 160 183
2.375214 1.339844 0.660156 160 143 151
2.378906 1.371094 0.662524 163 145 156
2.378906 1.412894 0.667969 166 148 158
2.378906 1.457031 0.673858 168 149 158
2.378906 1.496094 0.679783 171 152 162
2.378906 1.527344 0.683718 174 154 164
2.378906 1.574219 0.690610 178 157 168
2.378906 1.621094 0.696442 183 161 172
2.378906 1.660156 0.702165 187 165 176
2.378778 1.699219 0.707031 192 170 180
2.378906 1.738281 0.711742 194 172 182
2.378906 1.777344 0.716980 197 175 186
2.378317 1.816406 0.722656 199 177 187
2.378906 1.855469 0.727563 200 179 189
2.378906 1.886719 0.731988 201 180 191
2.378906 1.925781 0.737472 202 181 191
2.378906 1.972656 0.743437 201 181 194
2.378906 2.011719 0.747733 200 181 194
2.378906 2.050781 0.751693 199 180 195
2.378906 2.089844 0.756133 196 178 194
2.378906 2.128906 0.760404 194 176 193
2.378906 2.175781 0.766350 190 174 193
2.378906 2.207031 0.770012 186 170 191
2.376807 2.253906 0.777344 161 157 123
2.372665 2.300781 0.785156 167 160 175
2.378906 2.332031 0.787103 178 163 189
2.378906 2.378906 0.791241 176 162 185
2.378906 2.417969 0.797407 173 163 189
2.378906 2.457031 0.801639 170 159 185
2.386719 1.347656 0.656520 159 142 152
2.386719 1.386719 0.660709 162 145 155
2.384044 1.433594 0.667969 167 148 158
2.382455 1.480469 0.675781 169 150 160
2.386719 1.519531 0.679521 172 153 162
2.386719 1.550781 0.683865 175 155 165
2.384701 1.597656 0.691406 180 159 168
2.386719 1.636719 0.695336 183 162 173
2.386719 1.667969 0.699780 187 165 176
2.386719 1.714844 0.705250 191 169 179
2.379155 1.761719 0.714844 196 174 184
2.386719 1.786347 0.714844 196 174 185
2.386719 1.832031 0.720768 199 177 187
2.386719 1.878906 0.726801 200 179 189
2.386719 1.910156 0.731456 200 179 190
2.386719 1.949219 0.736597 200 180 191
2.379668 1.996094 0.746094 201 181 194
2.385482 2.027344 0.746094 198 179 193
2.380172 2.074219 0.753906 198 179 195
2.386719 2.101418 0.753906 194 176 193
2.382510 2.152344 0.761719 190 173 192
2.386719 2.191406 0.764502 187 171 193
2.385733 2.230469 0.769531 183 168 191
2.379633 2.269531 0.777344 124 130 82
2.386719 2.293439 0.777344 110 120 75
2.386299 2.339844 0.785156 177 163 188
2.386719 2.386719 0.789891 157 150 139
2.386719 2.417969 0.793086 171 162 186
2.386719 2.457031 0.800470 168 157 178
2.394531 1.332031 0.651739 158 142 151
2.394531 1.378906 0.657721 161 144 154
2.394531 1.410156 0.661165 164 146 158
2.394084 1.457031 0.667969 166 148 159
2.394531 1.496094 0.672993 169 150 162
2.394531 1.535156 0.678437 173 153 165
2.394531 1.571855 0.683594 175 155 166
2.390867 1.621094 0.691406 181 160 171
2.394531 1.660156 0.694485 185 163 174
2.394531 1.691406 0.698477 188 166 177
2.389321 1.738281 0.707031 193 171 181
2.394531 1.769531 0.708463 194 172 183
2.394531 1.808594 0.713483 195 174 184
2.389535 1.855469 0.722656 199 177 188
2.394531 1.886719 0.723897 198 177 188
2.394531 1.925781 0.729048 199 179 189
2.394531 1.964844 0.734483 199 180 191
2.394531 1.996094 0.738490 198 179 193
2.394531 2.042969 0.743247 196 178 193
2.394531 2.082031 0.748328 194 176 193
2.394531 2.121094 0.752400 192 175 193
2.387016 2.167969 0.761719 189 173 193
2.394236 2.199219 0.761719 185 170 190
2.394531 2.238281 0.767022 180 165 187
2.394531 2.277344 0.772070 179 164 184
2.394531 2.316406 0.777311 109 119 78
2.394531 2.355469 0.782794 175 162 187
2.394531 2.402344 0.789296 105 117 74
2.394531 2.434954 0.792969 171 159 185
2.402344 1.324219 0.647009 155 140 150
2.402344 1.360933 0.652344 159 143 152
2.402344 1.410156 0.657351 163 146 154
2.402344 1.449219 0.662290 165 147 157
2.402344 1.483927 0.667969 167 149 158
2.402344 1.527344 0.673516 171 152 162
2.402344 1.566406 0.679400 174 154 165
2.402344 1.597656 0.683026 176 156 168
2.396277 1.644531 0.691406 183 162 173
2.402344 1.675781 0.692848 185 163 175
2.402344 1.714844 0.697861 188 167 179
2.395929 1.761719 0.707031 193 172 183
2.402344 1.788519 0.707031 193 172 183
2.398806 1.832031 0.714844 196 175 186
2.402344 1.871094 0.718163 197 177 188
2.402344 1.902344 0.722166 198 178 190
2.398432 1.949219 0.730469 198 178 191
2.402344 1.988281 0.732999 197 177 192
2.402344 2.019531 0.737034 197 178 193
2.395399 2.066406 0.746094 195 178 192
2.402114 2.097656 0.746094 192 174 192
2.402344 2.136719 0.750874 189 173 192
2.402344 2.167969 0.753694 187 171 191
2.398530 2.214844 0.761719 182 167 189
2.402344 2.253906 0.765770 178 164 187
2.402344 2.285156 0.770023 177 163 186
2.402344 2.332031 0.775642 108 118 83
2.402344 2.371094 0.781965 172 160 185
2.402344 2.402344 0.786001 105 117 77
2.402344 2.449219 0.790793 168 158 183
2.410156 1.332031 0.646166 155 140 147
2.406076 1.378906 0.652344 160 143 152
2.410156 1.410156 0.653830 162 145 155
2.410156 1.449219 0.659193 163 146 156
2.410156 1.488281 0.664809 166 148 159
2.410156 1.527344 0.670416 169 150 162
2.410156 1.566406 0.675722 172 153 165
2.405490 1.613281 0.683594 178 157 169
2.410156 1.644531 0.685105 181 160 173
2.410156 1.683594 0.690396 185 163 176
2.403991 1.730469 0.699219 189 168 179
2.410156 1.757524 0.699219 190 169 181
2.410156 1.800781 0.705162 193 172 184
2.402909 1.847656 0.714844 196 175 186
2.410156 1.878906 0.715619 196 176 187
2.407251 1.925781 0.722656 197 177 190
2.402378 1.964844 0.730469 198 178 190
2.410001 1.996094 0.730469 196 177 193
2.410156 2.035156 0.735129 195 177 193
2.410156 2.066406 0.738588 192 174 192
2.410156 2.113281 0.744144 190 173 191
2.410156 2.160156 0.749278 187 170 191
2.410156 2.196708 0.753906 183 167 189
2.410156 2.238281 0.759207 179 164 188
2.403483 2.285156 0.769531 177 163 186
2.410156 2.316406 0.770945 169 161 144
2.410156 2.360803 0.777344 105 114 90
2.407005 2.410156 0.785156 105 115 96
2.410156 2.449219 0.788940 168 157 182
2.417969 1.332031 0.643599 154 140 147
2.417969 1.371094 0.647005 158 142 151
2.416348 1.417969 0.652344 161 145 156
2.412826 1.464844 0.660156 164 146 157
2.417969 1.503906 0.663484 167 148 160
2.417969 1.535156 0.667679 169 150 164
2.414018 1.582031 0.675781 173 153 166
2.417969 1.621094 0.678748 177 157 171
2.417969 1.658336 0.683594 181 160 174
2.413899 1.707031 0.691406 186 165 178
2.417969 1.746094 0.694743 188 167 179
2.417969 1.783511 0.699219 190 169 183
2.417969 1.824219 0.704643 193 172 184
2.417969 1.863281 0.709186 194 173 187
2.417969 1.894531 0.713118 194 174 187
2.411968 1.941406 0.722656 196 176 189
2.417969 1.972656 0.723639 195 176 190
2.415886 2.019531 0.730469 194 175 192
2.410808 2.066406 0.738281 192 174 192
2.417969 2.092679 0.738281 190 172 192
2.417969 2.136719 0.743487 187 171 192
2.417969 2.167969 0.746916 185 169 190
2.416677 2.214844 0.753906 181 165 188
2.417969 2.253906 0.758529 176 162 187
2.417969 2.285156 0.763198 175 161 186
2.417969 2.324219 0.769465 176 161 182
2.411452 2.371094 0.777344 133 133 146
2.417969 2.402344 0.779096 103 113 77
2.417969 2.441406 0.785932 167 157 182
2.425781 1.347656 0.640512 156 140 149
2.425781 1.378906 0.644122 158 142 153
2.425781 1.425781 0.649936 160 144 155
2.425781 1.472656 0.656819 163 145 159
2.425781 1.503906 0.660366 166 147 160
2.425781 1.550781 0.666489 169 151 164
2.418401 1.597656 0.675781 174 154 167
2.425781 1.626115 0.675781 176 156 170
2.425781 1.667969 0.681219 180 159 174
2.425781 1.707031 0.686256 184 163 176
2.424626 1.746094 0.691406 187 166 180
2.425781 1.785156 0.695907 189 168 181
2.425781 1.816406 0.699559 191 171 184
2.421858 1.863281 0.707031 193 173 186
2.425781 1.902344 0.710055 193 173 187
2.425781 1.933594 0.714449 193 174 188
2.425781 1.972656 0.719871 192 173 190
2.425781 2.011719 0.725116 192 174 190
2.424694 2.050781 0.730469 191 173 191
2.419822 2.097656 0.738281 189 172 191
2.425781 2.122611 0.738281 187 170 191
2.422403 2.175781 0.746094 183 168 190
2.425781 2.214844 0.750150 180 164 188
2.425781 2.246094 0.754277 176 162 186
2.425781 2.292969 0.761276 174 160 185
2.422361 2.339844 0.769531 150 143 135
2.425781 2.378906 0.773581 103 114 77
2.425737 2.417969 0.777344 153 151 172
2.425781 2.449219 0.785322 166 156 182
2.433594 1.347656 0.637969 154 139 148
2.433594 1.394531 0.641942 158 142 153
2.426761 1.441406 0.652344 161 145 156
2.433594 1.472656 0.653247 161 145 156
2.429101 1.519531 0.660156 166 148 160
2.433594 1.558594 0.663903 168 150 163
2.433594 1.589844 0.667507 170 152 165
2.428316 1.636719 0.675781 176 156 171
2.433594 1.667969 0.677025 179 159 173
2.433594 1.707031 0.681739 182 162 175
2.427427 1.753906 0.691406 187 166 179
2.433594 1.785156 0.692284 187 166 181
2.430620 1.832031 0.699219 191 170 185
2.433594 1.871094 0.703224 191 172 185
2.433594 1.902344 0.707468 191 171 186
2.433594 1.949219 0.713085 191 172 188
2.426054 1.996094 0.722656 192 173 190
2.433594 2.024716 0.722656 191 173 191
2.433594 2.066406 0.728077 188 171 189
2.433594 2.105469 0.732314 187 170 192
2.433594 2.144531 0.737480 184 167 190
2.427367 2.191406 0.746094 181 166 189
2.433594 2.222656 0.747404 178 163 187
2.433594 2.261719 0.753994 174 161 185
2.433594 2.308594 0.759630 173 159 184
2.433594 2.347656 0.764001 170 157 183
2.433594 2.378906 0.770155 106 114 77
2.432665 2.433594 0.777344 165 155 182
2.427836 2.464844 0.785156 166 154 186
2.439468 1.355469 0.636719 154 139 146
2.441406 1.402344 0.640289 157 141 152
2.441406 1.433594 0.643378 159 143 155
2.435442 1.472656 0.652344 161 144 156
2.441406 1.496690 0.652344 162 146 158
2.441406 1.542969 0.658254 166 148 161
2.441406 1.589844 0.664100 169 151 164
2.441406 1.621094 0.668049 173 154 169
2.441406 1.667969 0.673254 178 158 173
2.441406 1.707031 0.678466 181 161 174
2.441406 1.745801 0.683594 184 164 180
2.441406 1.785156 0.688735 186 166 180
2.441406 1.824219 0.693600 189 168 183
2.441406 1.863281 0.699308 190 170 184
2.441406 1.910156 0.704667 191 172 187
2.441406 1.949219 0.710131 191 172 187
2.441020 1.988281 0.714844 189 171 188
2.441406 2.027344 0.719647 189 170 190
2.441406 2.058594 0.723263 188 170 190
2.437527 2.105469 0.730469 187 170 191
2.441406 2.144531 0.733565 183 167 190
2.440967 2.183594 0.738281 180 165 190
2.436211 2.222656 0.746094 177 162 187
2.433772 2.261719 0.753906 174 161 185
2.441406 2.287612 0.753906 173 160 186
2.438236 2.339844 0.761719 170 158 184
2.435055 2.378906 0.769531 117 122 89
2.441406 2.410156 0.770843 88 102 70
2.438730 2.457031 0.777344 164 152 189
2.449219 1.355469 0.632569 153 138 146
2.449219 1.386719 0.634888 155 139 150
2.449219 1.425781 0.639361 158 142 152
2.449219 1.464844 0.644905 159 142 154
2.449219 1.511719 0.651014 163 146 158
2.441890 1.558594 0.660156 167 149 163
2.449219 1.583406 0.660156 167 150 164
2.449219 1.628906 0.666048 171 153 167
2.449219 1.667969 0.670563 175 156 170
2.449219 1.707031 0.675535 180 160 175
2.444042 1.753906 0.683594 184 164 179
2.449219 1.792969 0.686338 185 165 181
2.448328 1.832031 0.691406 187 167 184
2.443408 1.871094 0.699219 189 170 185
2.449219 1.897708 0.699219 188 169 186
2.449219 1.941406 0.705291 189 170 187
2.449219 1.988281 0.711237 188 170 188
2.449219 2.019531 0.714746 187 170 188
2.445435 2.066406 0.722656 187 170 190
2.449219 2.097656 0.724758 184 168 189
2.449219 2.136719 0.729167 182 166 188
2.449219 2.183594 0.734786 178 163 186
2.449219 2.214844 0.739267 175 161 186
2.449219 2.253906 0.745349 173 160 184
2.444467 2.300781 0.753906 171 159 183
2.449219 2.339844 0.758610 167 156 180
2.449219 2.378906 0.763332 166 157 177
2.449219 2.417969 0.768298 119 123 137
2.449458 1.339844 0.628906 152 137 147
2.457031 1.378906 0.631034 154 138 149
2.457031 1.424786 0.636719 157 140 154
2.452972 1.472656 0.644531 159 142 157
2.457031 1.511719 0.648015 161 144 158
2.457031 1.548073 0.652344 164 147 161
2.453667 1.597656 0.660156 168 150 165
2.457031 1.636719 0.663156 171 153 169
2.457031 1.674956 0.667969 176 157 172
2.451949 1.722656 0.675781 181 161 177
2.457031 1.753906 0.677310 182 162 178
2.454963 1.792969 0.683594 185 165 180
2.457031 1.832031 0.687229 185 165 182
2.457031 1.863281 0.691186 186 167 183
2.452506 1.910156 0.699219 188 170 187
2.457031 1.941406 0.701138 188 169 186
2.457031 1.979276 0.707031 187 169 188
2.457031 2.027344 0.712746 187 169 189
2.457031 2.066406 0.717555 185 167 189
2.457031 2.105469 0.722385 183 167 188
2.457031 2.152344 0.727794 180 164 188
2.457031 2.191406 0.732948 178 163 188
2.457031 2.230469 0.738508 174 160 186
2.457031 2.276764 0.746094 171 158 183
2.453483 2.324219 0.753906 168 157 180
2.457031 2.363281 0.759109 166 155 180
2.457031 2.394531 0.762329 164 154 181
2.457031 2.440698 0.769531 162 153 182
2.464844 1.355469 0.625832 152 137 145
2.464844 1.386719 0.629649 153 138 150
2.464844 1.433594 0.634046 156 140 153
2.464844 1.472656 0.639413 157 141 154
2.463900 1.511719 0.644531 160 144 158
2.464844 1.550781 0.648799 162 146 160
2.464844 1.582031 0.652698 164 148 161
2.461421 1.628906 0.660156 170 152 167
2.464844 1.667969 0.663352 173 155 170
2.464844 1.699219 0.666886 176 157 174
2.458412 1.746094 0.675781 181 162 178
2.464844 1.777344 0.677034 182 162 179
2.463823 1.824219 0.683594 185 165 182
2.459132 1.871094 0.691406 186 167 183
2.464844 1.902344 0.692786 187 168 185
2.463837 1.949219 0.699219 187 169 187
2.459514 1.988281 0.707031 186 168 187
2.464844 2.019531 0.708513 186 169 188
2.463067 2.066406 0.714844 183 166 188
2.464844 2.105469 0.718993 181 165 188
2.464844 2.136719 0.722878 180 164 188
2.464844 2.183594 0.728591 177 162 187
2.457554 2.230469 0.738281 174 160 186
2.464844 2.261719 0.740500 170 158 183
2.464416 2.300781 0.746094 168 156 182
2.464844 2.339844 0.750657 166 155 179
2.464844 2.378906 0.756636 164 154 180
2.464844 2.416354 0.761719 163 153 181
2.462774 2.457031 0.769531 160 152 177
2.472656 1.378906 0.625660 152 137 147
2.472656 1.410156 0.627941 155 139 152
2.466809 1.457031 0.636719 157 141 153
2.472656 1.488281 0.637925 157 141 155
2.470915 1.535156 0.644531 160 144 158
2.465620 1.582031 0.652344 164 147 161
2.472656 1.606738 0.652344 166 149 164
2.472656 1.652344 0.657933 170 152 168
2.472656 1.691406 0.662790 175 156 173
2.472656 1.730469 0.667346 177 159 176
2.467677 1.777344 0.675781 181 162 179
2.472656 1.808594 0.677523 182 163 180
2.472656 1.847656 0.682402 184 165 181
2.472656 1.894531 0.688630 184 165 183
2.472656 1.933594 0.693771 185 166 185
2.472656 1.972656 0.698904 185 167 186
2.467572 2.019531 0.707031 185 168 188
2.472656 2.050781 0.708157 183 166 187
2.471148 2.097656 0.714844 182 165 189
2.472656 2.136719 0.718568 179 163 187
2.472656 2.167969 0.723272 177 162 187
2.472144 2.214844 0.730469 173 160 185
2.472656 2.253906 0.735701 170 158 182
2.472656 2.300781 0.741966 168 156 181
2.472656 2.332031 0.745891 166 155 179
2.472656 2.371094 0.750393 163 153 178
2.472656 2.410156 0.757901 161 151 177
2.472656 2.441406 0.760150 160 151 173
2.480469 1.347656 0.619952 149 137 143
2.480469 1.376417 0.621094 151 137 147
2.480469 1.425781 0.626142 154 139 150
2.480469 1.457031 0.629851 155 140 151
2.480469 1.496094 0.634763 156 141 153
2.472740 1.542969 0.644531 160 145 157
2.480469 1.570737 0.644531 161 145 159
2.476928 1.621094 0.652344 166 149 164
2.480469 1.660156 0.655651 169 152 168
2.480469 1.695174 0.660156 173 155 171
2.476286 1.746094 0.667969 178 159 175
2.480469 1.785156 0.671064 179 161 179
2.479612 1.824219 0.675781 181 163 180
2.474941 1.863281 0.683594 184 166 182
2.480469 1.894531 0.685415 184 166 183
2.480469 1.933594 0.690330 184 166 183
2.473963 1.980469 0.699219 185 167 187
2.480469 2.005576 0.699219 182 165 187
2.480469 2.050781 0.705295 181 165 187
2.480469 2.097656 0.710711 180 163 187
2.480469 2.128906 0.714883 178 162 186
2.480469 2.175781 0.721018 175 161 186
2.474778 2.222656 0.730469 172 158 183
2.480469 2.253906 0.732593 169 157 182
2.478678 2.292969 0.738281 167 155 181
2.474365 2.339844 0.746094 165 154 178
2.480469 2.364110 0.746094 163 153 177
2.477417 2.410156 0.753906 160 150 177
2.480110 2.441406 0.753906 160 149 180
2.488281 1.355469 0.615183 149 134 144
2.488281 1.394531 0.621009 150 136 145
2.488281 1.449219 0.625209 154 139 152
2.488281 1.480469 0.629045 154 139 153
2.485272 1.527344 0.636719 158 142 156
2.488281 1.566406 0.640589 160 144 159
2.488281 1.597656 0.643869 162 146 161
2.483939 1.644531 0.652344 167 150 166
2.488281 1.675781 0.653883 170 153 169
2.488281 1.714844 0.658557 173 156 173
2.480706 1.761719 0.667969 179 160 177
2.488281 1.789398 0.667969 179 161 178
2.484869 1.839844 0.675781 181 163 181
2.488281 1.878906 0.679607 182 164 182
2.488281 1.910156 0.683248 183 165 184
2.485540 1.957031 0.691406 183 165 185
2.488281 1.996094 0.695053 182 165 185
2.488281 2.035156 0.700172 181 164 187
2.485135 2.082031 0.707031 179 163 186
2.488281 2.121094 0.711025 178 162 186
2.488281 2.152344 0.714671 175 160 184
2.484447 2.199219 0.722656 173 159 185
2.488281 2.238281 0.726532 169 157 181
2.488281 2.269531 0.730968 166 154 178
2.484997 2.316406 0.738281 165 154 179
2.488281 2.347656 0.740215 162 153 177
2.488281 2.386719 0.745708 161 151 176
2.488281 2.433594 0.748476 157 148 178
2.496094 1.347656 0.610117 148 133 145
2.496094 1.386719 0.614963 149 135 145
2.494706 1.425781 0.621094 152 137 150
2.496094 1.472656 0.624830 153 138 151
2.496094 1.503906 0.628902 154 139 155
2.492011 1.550781 0.636719 158 143 156
2.496094 1.582031 0.637577 159 144 158
2.496094 1.621094 0.642898 163 147 163
2.488696 1.667969 0.652344 169 151 167
2.496094 1.695788 0.652344 170 153 171
2.496094 1.738281 0.658255 174 156 173
2.496094 1.785156 0.664600 177 159 178
2.496094 1.816406 0.668086 178 160 179
2.496094 1.863281 0.674203 180 163 181
2.496094 1.910156 0.680340 180 162 184
2.496094 1.941406 0.684470 182 165 185
2.493792 1.988281 0.691406 180 163 185
2.496094 2.027344 0.695556 180 163 186
2.496094 2.058594 0.699756 179 163 186
2.496094 2.105469 0.705855 177 162 185
2.496094 2.152344 0.711761 174 159 185
2.496094 2.191406 0.716545 172 158 183
2.496094 2.230469 0.722221 169 156 181
2.491637 2.277344 0.730469 166 155 179
2.496094 2.308594 0.732514 164 154 178
2.494474 2.355469 0.738281 162 152 178
2.496094 2.394531 0.741783 160 151 173
2.496094 2.425781 0.745359 158 150 175
2.503906 1.371094 0.610388 148 133 145
2.503906 1.402344 0.613523 150 135 146
2.498453 1.449219 0.621094 152 137 150
2.503906 1.480469 0.622397 152 137 152
2.500920 1.527344 0.628906 156 140 156
2.503906 1.566406 0.632241 157 142 157
2.503906 1.597656 0.636377 160 143 161
2.499181 1.644531 0.644531 165 148 165
2.503906 1.675781 0.646162 168 151 169
2.503906 1.714844 0.651700 171 154 172
2.498570 1.761719 0.660156 174 157 175
2.503906 1.792969 0.661970 175 158 176
2.503906 1.832031 0.667195 178 160 178
2.503906 1.878906 0.673175 180 162 182
2.503906 1.917969 0.678187 180 162 183
2.503906 1.957031 0.682671 180 163 185
2.498799 2.003906 0.691406 180 164 186
2.503906 2.035156 0.693009 179 162 184
2.503906 2.074219 0.697830 178 162 186
2.497467 2.121094 0.707031 176 161 185
2.503906 2.152344 0.708943 174 160 185
2.503906 2.191406 0.713629 170 157 182
2.497120 2.238281 0.722656 167 155 180
2.503906 2.266831 0.722656 165 154 178
2.503906 2.308594 0.728193 163 153 178
2.503906 2.339844 0.731388 162 152 175
2.501646 2.386719 0.738281 160 150 175
2.503906 2.417969 0.740094 157 150 170
2.504880 1.347656 0.605469 149 133 152
2.511719 1.378906 0.604609 147 133 143
2.508138 1.417969 0.613281 150 135 149
2.511719 1.449219 0.614369 151 136 149
2.511719 1.488281 0.618154 152 137 150
2.511719 1.527344 0.623383 154 138 154
2.511719 1.565323 0.628906 157 142 157
2.508045 1.613281 0.636719 161 145 161
2.511719 1.652344 0.639822 164 148 165
2.511719 1.685855 0.644531 168 152 168
2.511719 1.730469 0.650304 171 154 172
2.511719 1.777344 0.656419 174 157 175
2.511719 1.808594 0.660708 176 158 176
2.508327 1.855469 0.667969 177 160 180
2.511719 1.894531 0.672120 179 162 183
2.511719 1.925781 0.675485 179 162 182
2.508287 1.972656 0.683594 179 163 185
2.511719 2.011719 0.687090 178 162 185
2.511719 2.048291 0.691406 177 161 185
2.509319 2.097656 0.699219 177 161 186
2.511719 2.136719 0.703244 174 160 184
2.511719 2.167969 0.707422 172 158 183
2.511719 2.214844 0.713636 168 156 182
2.511719 2.261719 0.718319 164 154 178
2.511719 2.292969 0.721777 163 152 178
2.505201 2.339844 0.730469 161 152 175
2.511340 2.371094 0.730469 159 149 175
2.511719 2.410156 0.733583 156 147 174
2.511719 2.441406 0.737676 156 146 175
2.519531 1.386719 0.603303 146 133 142
2.519531 1.417969 0.606664 148 134 145
2.519531 1.457031 0.610831 150 135 149
2.519531 1.488281 0.614003 151 136 148
2.519531 1.527344 0.619230 154 138 153
2.519531 1.566406 0.625413 157 141 157
2.519531 1.597656 0.629550 159 144 162
2.517163 1.644531 0.636719 164 147 165
2.519531 1.683594 0.641501 167 151 168
2.519531 1.714844 0.644922 169 153 171
2.516321 1.761719 0.652344 173 156 174
2.519531 1.800781 0.656525 174 157 177
2.519531 1.832031 0.659929 175 158 178
2.515952 1.878906 0.667969 178 161 181
2.519531 1.910156 0.669728 178 161 182
2.519531 1.949219 0.674934 178 161 184
2.515607 1.996094 0.683594 178 161 184
2.519531 2.035156 0.686855 177 161 185
2.519531 2.069623 0.691406 176 160 186
2.516537 2.121094 0.699219 174 159 184
2.519531 2.160156 0.702795 171 158 183
2.519531 2.191406 0.706436 169 157 181
2.513545 2.238281 0.714844 166 154 180
2.519531 2.267218 0.714844 164 153 177
2.513778 2.316406 0.722656 161 151 176
2.519038 2.347656 0.722656 159 150 173
2.519531 2.371094 0.723986 158 148 174
2.519531 2.402344 0.727203 157 148 172
2.519531 2.441406 0.731061 154 145 175
2.526898 1.378906 0.597656 144 131 139
2.527344 1.417969 0.602811 147 133 144
2.527344 1.457031 0.607024 149 135 148
2.527344 1.503237 0.613281 152 137 152
2.525105 1.550781 0.621094 155 140 155
2.520967 1.597656 0.628906 159 144 162
2.527344 1.621411 0.628906 162 146 163
2.527344 1.667969 0.635808 166 150 167
2.527344 1.714844 0.641357 170 153 172
2.527344 1.746094 0.645209 171 155 172
2.526349 1.792969 0.652344 174 156 176
2.521894 1.839844 0.660156 176 159 178
2.527344 1.871094 0.661398 177 160 180
2.526251 1.917969 0.667969 177 161 181
2.527344 1.957031 0.672605 177 160 183
2.527344 1.996094 0.677679 177 161 185
2.526140 2.035156 0.683594 176 160 185
2.527344 2.074219 0.689191 174 159 185
2.527344 2.113281 0.693862 175 160 186
2.527344 2.152344 0.698337 171 157 183
2.527344 2.199219 0.703094 169 156 181
2.527344 2.230469 0.705420 164 153 178
2.519864 2.269531 0.714844 164 153 177
2.523137 2.300781 0.714844 161 151 176
2.526331 2.332031 0.714844 159 149 174
2.527344 2.355469 0.715316 157 149 173
2.524177 2.394531 0.722656 157 147 174
2.525034 2.425781 0.722656 154 146 166
2.520004 2.441406 0.730469 154 146 176
2.535156 1.373561 0.589844 143 130 138
2.533171 1.410156 0.597656 147 132 145
2.535156 1.441406 0.601076 148 133 148
2.535156 1.472656 0.605528 150 135 150
2.533238 1.519531 0.613281 154 139 154
2.527729 1.558594 0.621094 157 141 157
2.534791 1.589844 0.621094 159 143 161
2.535156 1.628906 0.626797 162 147 165
2.535156 1.667969 0.632353 165 149 167
2.535156 1.699219 0.636281 169 152 170
2.528804 1.746094 0.644531 171 155 173
2.535156 1.777344 0.646063 173 156 176
2.535156 1.816406 0.651434 175 158 179
2.527400 1.863281 0.660156 176 159 180
2.535156 1.888566 0.660156 177 160 182
2.535156 1.933594 0.666542 177 160 182
2.535156 1.972656 0.671497 176 160 183
2.535156 2.003906 0.675927 176 160 184
2.535156 2.050781 0.681900 174 159 183
2.529318 2.097656 0.691406 174 159 185
2.535141 2.128906 0.691406 171 157 183
2.528947 2.167969 0.699219 169 156 183
2.534806 2.199219 0.699219 167 155 180
2.535156 2.246094 0.701662 162 152 175
2.535156 2.277344 0.702298 159 150 173
2.535156 2.308594 0.703735 159 150 174
2.535156 2.339844 0.707390 157 148 173
2.529546 2.378906 0.714844 156 148 173
2.530212 2.410156 0.714844 154 146 171
2.542969 1.371094 0.584460 141 128 138
2.542969 1.402344 0.589300 143 130 143
2.540487 1.441406 0.597656 148 133 148
2.538027 1.480469 0.605469 150 135 151
2.542969 1.519531 0.608780 153 138 154
2.542969 1.556220 0.613281 156 140 158
2.540865 1.605469 0.621094 160 144 162
2.536612 1.652344 0.628906 164 148 165
2.542969 1.683594 0.630493 168 152 169
2.542634 1.730469 0.636719 170 154 173
2.542969 1.769531 0.642192 172 156 176
2.542969 1.808594 0.647459 174 157 178
2.542969 1.847656 0.652344 175 158 179
2.542969 1.894531 0.658260 176 160 180
2.542969 1.925781 0.660803 176 160 182
2.541455 1.972656 0.667969 176 159 183
2.538316 2.011719 0.675781 175 159 184
2.542969 2.042969 0.676817 174 159 183
2.542969 2.082031 0.682021 172 157 182
2.542969 2.128906 0.686896 169 156 182
2.542969 2.160156 0.690652 167 155 180
2.542969 2.207031 0.692062 162 152 175
2.542969 2.230469 0.689206 160 151 175
2.541679 2.253906 0.691406 158 149 173
2.542969 2.269531 0.692186 157 148 172
2.550781 1.371094 0.578170 140 127 142
2.550781 1.403305 0.582031 143 129 143
2.550781 1.433594 0.589323 146 131 146
2.550781 1.464844 0.596661 149 133 148
2.550781 1.503906 0.603428 151 136 151
2.550781 1.550781 0.609521 155 139 159
2.550781 1.582031 0.613963 158 141 161
2.548703 1.628906 0.621094 162 146 165
2.543929 1.675781 0.628906 166 150 169
2.550781 1.707031 0.629979 167 151 171
2.547928 1.753906 0.636719 171 154 175
2.544355 1.792969 0.644531 172 155 176
2.550781 1.824219 0.646092 174 157 178
2.549095 1.871094 0.652344 176 159 180
2.550781 1.910156 0.655147 176 159 183
2.550643 1.949219 0.660156 175 159 182
2.547347 1.988281 0.667969 175 158 184
2.550781 2.027344 0.671658 174 158 184
2.550781 2.058594 0.674992 173 158 183
2.545165 2.105469 0.683594 171 157 183
2.550131 2.136719 0.683594 168 155 181
2.550781 2.167969 0.683999 165 153 176
2.550781 2.199219 0.686403 163 152 177
2.550781 2.246094 0.684727 159 150 172
2.550781 2.277344 0.687903 157 148 172
2.558594 1.394531 0.575429 141 128 140
2.558594 1.430050 0.582031 144 130 142
2.558594 1.459749 0.589844 147 133 148
2.557842 1.496094 0.597656 150 135 151
2.552763 1.527344 0.605469 153 138 154
2.558594 1.558594 0.607448 156 140 157
2.558594 1.597656 0.612726 158 142 163
2.552918 1.644531 0.621094 162 147 165
2.558594 1.675781 0.621556 165 149 169
2.558594 1.714844 0.627390 168 152 170
2.558594 1.761719 0.633185 170 153 174
2.558594 1.792969 0.638024 172 156 177
2.558594 1.832031 0.643651 173 157 178
2.552379 1.886719 0.652344 174 157 180
2.558594 1.917969 0.652997 174 157 182
2.558594 1.964844 0.660210 174 158 184
2.558594 2.011719 0.665391 173 158 182
2.558594 2.042969 0.669269 173 158 186
2.558594 2.082031 0.674457 172 158 183
2.558594 2.121094 0.677659 170 157 183
2.555597 2.175781 0.683594 164 153 178
2.560092 1.394531 0.574219 140 128 139
2.566406 1.423173 0.574219 142 129 141
2.566406 1.457031 0.584785 145 131 146
2.566406 1.496094 0.592683 149 135 151
2.566406 1.531022 0.597656 152 138 154
2.566406 1.566406 0.605070 155 140 157
2.562318 1.613281 0.613281 160 144 163
2.566406 1.644531 0.615492 161 145 164
2.566406 1.683594 0.619670 165 150 168
2.559867 1.730469 0.628906 170 153 174
2.566406 1.769531 0.630918 170 156 171
2.566406 1.824219 0.639439 172 157 181
2.566406 1.873206 0.644531 175 159 182
2.566523 1.480469 0.589844 147 133 148
